image_id,class,raw_path,processed_path,source_type,colormap,pixel_to_mm,weld_id,defect_present,label_type,split,orig_h,orig_w,crop_r0,crop_r1,crop_c0,crop_c1,patch_size,mask_path,defect_area_px,defect_area_frac,n_components,mask_empty,used_fallback
porosity__G100_1,porosity,data/raw/porosity/G100_1.jpg,data/processed/porosity/porosity__G100_1.npy,gray,none,1.0,porosity__G100,True,pseudo_pending,train,512,512,40,453,69,460,256,data/processed/masks/porosity/porosity__G100_1.npy,51,0.000778,4,False,False
porosity__G100_2,porosity,data/raw/porosity/G100_2.jpg,data/processed/porosity/porosity__G100_2.npy,gray,none,1.0,porosity__G100,True,pseudo_pending,train,512,512,40,453,69,460,256,data/processed/masks/porosity/porosity__G100_2.npy,122,0.001862,3,False,False
porosity__G100_3,porosity,data/raw/porosity/G100_3.jpg,data/processed/porosity/porosity__G100_3.npy,gray,none,1.0,porosity__G100,True,pseudo_pending,train,512,512,40,453,69,460,256,data/processed/masks/porosity/porosity__G100_3.npy,250,0.003815,5,False,False
porosity__G109_1,porosity,data/raw/porosity/G109_1.jpg,data/processed/porosity/porosity__G109_1.npy,gray,none,1.0,porosity__G109,True,pseudo_pending,train,512,512,40,453,69,460,256,data/processed/masks/porosity/porosity__G109_1.npy,122,0.001862,4,False,False
porosity__G109_2,porosity,data/raw/porosity/G109_2.jpg,data/processed/porosity/porosity__G109_2.npy,gray,none,1.0,porosity__G109,True,pseudo_pending,train,512,512,40,453,69,460,256,data/processed/masks/porosity/porosity__G109_2.npy,92,0.001404,2,False,False
porosity__G109_3,porosity,data/raw/porosity/G109_3.jpg,data/processed/porosity/porosity__G109_3.npy,gray,none,1.0,porosity__G109,True,pseudo_pending,train,512,512,40,453,69,460,256,data/processed/masks/porosity/porosity__G109_3.npy,50,0.000763,2,False,False
porosity__G110_1,porosity,data/raw/porosity/G110_1.jpg,data/processed/porosity/porosity__G110_1.npy,gray,none,1.0,porosity__G110,True,pseudo_pending,test,512,512,40,453,69,460,256,data/processed/masks/porosity/porosity__G110_1.npy,42,0.000641,4,False,False
porosity__G110_2,porosity,data/raw/porosity/G110_2.jpg,data/processed/porosity/porosity__G110_2.npy,gray,none,1.0,porosity__G110,True,pseudo_pending,test,512,512,40,453,69,460,256,data/processed/masks/porosity/porosity__G110_2.npy,84,0.001282,2,False,False
porosity__G110_3,porosity,data/raw/porosity/G110_3.jpg,data/processed/porosity/porosity__G110_3.npy,gray,none,1.0,porosity__G110,True,pseudo_pending,test,512,512,40,453,69,460,256,data/processed/masks/porosity/porosity__G110_3.npy,61,0.000931,1,False,False
porosity__G111_1,porosity,data/raw/porosity/G111_1.jpg,data/processed/porosity/porosity__G111_1.npy,gray,none,1.0,porosity__G111,True,pseudo_pending,train,512,512,40,453,69,460,256,data/processed/masks/porosity/porosity__G111_1.npy,59,0.0009,2,False,False
porosity__G111_2,porosity,data/raw/porosity/G111_2.jpg,data/processed/porosity/porosity__G111_2.npy,gray,none,1.0,porosity__G111,True,pseudo_pending,train,512,512,40,453,69,460,256,data/processed/masks/porosity/porosity__G111_2.npy,121,0.001846,3,False,False
porosity__G111_3,porosity,data/raw/porosity/G111_3.jpg,data/processed/porosity/porosity__G111_3.npy,gray,none,1.0,porosity__G111,True,pseudo_pending,train,512,512,40,453,69,460,256,data/processed/masks/porosity/porosity__G111_3.npy,76,0.00116,3,False,False
porosity__G112_1,porosity,data/raw/porosity/G112_1.jpg,data/processed/porosity/porosity__G112_1.npy,gray,none,1.0,porosity__G112,True,pseudo_pending,train,512,512,40,453,69,460,256,data/processed/masks/porosity/porosity__G112_1.npy,148,0.002258,9,False,False
porosity__G112_2,porosity,data/raw/porosity/G112_2.jpg,data/processed/porosity/porosity__G112_2.npy,gray,none,1.0,porosity__G112,True,pseudo_pending,train,512,512,40,453,69,460,256,data/processed/masks/porosity/porosity__G112_2.npy,178,0.002716,3,False,False
porosity__G112_3,porosity,data/raw/porosity/G112_3.jpg,data/processed/porosity/porosity__G112_3.npy,gray,none,1.0,porosity__G112,True,pseudo_pending,train,512,512,40,453,69,460,256,data/processed/masks/porosity/porosity__G112_3.npy,185,0.002823,5,False,False
porosity__G113_1,porosity,data/raw/porosity/G113_1.jpg,data/processed/porosity/porosity__G113_1.npy,gray,none,1.0,porosity__G113,True,pseudo_pending,train,512,512,40,453,69,460,256,data/processed/masks/porosity/porosity__G113_1.npy,76,0.00116,5,False,False
porosity__G113_2,porosity,data/raw/porosity/G113_2.jpg,data/processed/porosity/porosity__G113_2.npy,gray,none,1.0,porosity__G113,True,pseudo_pending,train,512,512,40,453,69,460,256,data/processed/masks/porosity/porosity__G113_2.npy,78,0.00119,3,False,False
porosity__G113_3,porosity,data/raw/porosity/G113_3.jpg,data/processed/porosity/porosity__G113_3.npy,gray,none,1.0,porosity__G113,True,pseudo_pending,train,512,512,40,453,69,460,256,data/processed/masks/porosity/porosity__G113_3.npy,39,0.000595,2,False,False
porosity__G114_1,porosity,data/raw/porosity/G114_1.jpg,data/processed/porosity/porosity__G114_1.npy,gray,none,1.0,porosity__G114,True,pseudo_pending,train,512,512,40,453,69,460,256,data/processed/masks/porosity/porosity__G114_1.npy,52,0.000793,4,False,False
porosity__G114_2,porosity,data/raw/porosity/G114_2.jpg,data/processed/porosity/porosity__G114_2.npy,gray,none,1.0,porosity__G114,True,pseudo_pending,train,512,512,40,453,69,460,256,data/processed/masks/porosity/porosity__G114_2.npy,191,0.002914,6,False,False
porosity__G114_3,porosity,data/raw/porosity/G114_3.jpg,data/processed/porosity/porosity__G114_3.npy,gray,none,1.0,porosity__G114,True,pseudo_pending,train,512,512,40,453,69,460,256,data/processed/masks/porosity/porosity__G114_3.npy,61,0.000931,2,False,False
porosity__G115_1,porosity,data/raw/porosity/G115_1.jpg,data/processed/porosity/porosity__G115_1.npy,gray,none,1.0,porosity__G115,True,pseudo_pending,train,512,512,40,453,69,460,256,data/processed/masks/porosity/porosity__G115_1.npy,45,0.000687,3,False,False
porosity__G115_2,porosity,data/raw/porosity/G115_2.jpg,data/processed/porosity/porosity__G115_2.npy,gray,none,1.0,porosity__G115,True,pseudo_pending,train,512,512,40,453,69,460,256,data/processed/masks/porosity/porosity__G115_2.npy,71,0.001083,2,False,False
porosity__G116_1,porosity,data/raw/porosity/G116_1.jpg,data/processed/porosity/porosity__G116_1.npy,gray,none,1.0,porosity__G116,True,pseudo_pending,train,512,512,40,453,69,460,256,data/processed/masks/porosity/porosity__G116_1.npy,156,0.00238,2,False,False
porosity__G116_2,porosity,data/raw/porosity/G116_2.jpg,data/processed/porosity/porosity__G116_2.npy,gray,none,1.0,porosity__G116,True,pseudo_pending,train,512,512,40,453,69,460,256,data/processed/masks/porosity/porosity__G116_2.npy,158,0.002411,2,False,False
porosity__G117_1,porosity,data/raw/porosity/G117_1.jpg,data/processed/porosity/porosity__G117_1.npy,gray,none,1.0,porosity__G117,True,pseudo_pending,train,512,512,40,453,69,460,256,data/processed/masks/porosity/porosity__G117_1.npy,27,0.000412,2,False,False
porosity__G117_2,porosity,data/raw/porosity/G117_2.jpg,data/processed/porosity/porosity__G117_2.npy,gray,none,1.0,porosity__G117,True,pseudo_pending,train,512,512,40,453,69,460,256,data/processed/masks/porosity/porosity__G117_2.npy,82,0.001251,2,False,False
porosity__G117_3,porosity,data/raw/porosity/G117_3.jpg,data/processed/porosity/porosity__G117_3.npy,gray,none,1.0,porosity__G117,True,pseudo_pending,train,512,512,40,453,69,460,256,data/processed/masks/porosity/porosity__G117_3.npy,47,0.000717,1,False,False
porosity__G118_1,porosity,data/raw/porosity/G118_1.jpg,data/processed/porosity/porosity__G118_1.npy,gray,none,1.0,porosity__G118,True,pseudo_pending,train,512,512,40,453,69,460,256,data/processed/masks/porosity/porosity__G118_1.npy,136,0.002075,5,False,False
porosity__G118_2,porosity,data/raw/porosity/G118_2.jpg,data/processed/porosity/porosity__G118_2.npy,gray,none,1.0,porosity__G118,True,pseudo_pending,train,512,512,40,453,69,460,256,data/processed/masks/porosity/porosity__G118_2.npy,96,0.001465,2,False,False
porosity__G118_3,porosity,data/raw/porosity/G118_3.jpg,data/processed/porosity/porosity__G118_3.npy,gray,none,1.0,porosity__G118,True,pseudo_pending,train,512,512,40,453,69,460,256,data/processed/masks/porosity/porosity__G118_3.npy,57,0.00087,1,False,False
porosity__G119_1,porosity,data/raw/porosity/G119_1.jpg,data/processed/porosity/porosity__G119_1.npy,gray,none,1.0,porosity__G119,True,pseudo_pending,train,512,512,40,453,69,460,256,data/processed/masks/porosity/porosity__G119_1.npy,29,0.000443,1,False,False
porosity__G119_2,porosity,data/raw/porosity/G119_2.jpg,data/processed/porosity/porosity__G119_2.npy,gray,none,1.0,porosity__G119,True,pseudo_pending,train,512,512,40,453,69,460,256,data/processed/masks/porosity/porosity__G119_2.npy,57,0.00087,1,False,False
porosity__G119_3,porosity,data/raw/porosity/G119_3.jpg,data/processed/porosity/porosity__G119_3.npy,gray,none,1.0,porosity__G119,True,pseudo_pending,train,512,512,40,453,69,460,256,data/processed/masks/porosity/porosity__G119_3.npy,40,0.00061,1,False,False
porosity__G12,porosity,data/raw/porosity/G12.jpg,data/processed/porosity/porosity__G12.npy,gray,none,1.0,porosity__G12,True,pseudo_pending,val,512,512,38,453,69,460,256,data/processed/masks/porosity/porosity__G12.npy,228,0.003479,10,False,False
porosity__G120_1,porosity,data/raw/porosity/G120_1.jpg,data/processed/porosity/porosity__G120_1.npy,gray,none,1.0,porosity__G120,True,pseudo_pending,test,512,512,40,453,69,460,256,data/processed/masks/porosity/porosity__G120_1.npy,72,0.001099,4,False,False
porosity__G120_2,porosity,data/raw/porosity/G120_2.jpg,data/processed/porosity/porosity__G120_2.npy,gray,none,1.0,porosity__G120,True,pseudo_pending,test,512,512,40,453,69,460,256,data/processed/masks/porosity/porosity__G120_2.npy,126,0.001923,3,False,False
porosity__G120_3,porosity,data/raw/porosity/G120_3.jpg,data/processed/porosity/porosity__G120_3.npy,gray,none,1.0,porosity__G120,True,pseudo_pending,test,512,512,40,453,69,460,256,data/processed/masks/porosity/porosity__G120_3.npy,60,0.000916,1,False,False
porosity__G121_1,porosity,data/raw/porosity/G121_1.jpg,data/processed/porosity/porosity__G121_1.npy,gray,none,1.0,porosity__G121,True,pseudo_pending,train,512,512,40,453,69,460,256,data/processed/masks/porosity/porosity__G121_1.npy,47,0.000717,3,False,False
porosity__G121_2,porosity,data/raw/porosity/G121_2.jpg,data/processed/porosity/porosity__G121_2.npy,gray,none,1.0,porosity__G121,True,pseudo_pending,train,512,512,40,453,69,460,256,data/processed/masks/porosity/porosity__G121_2.npy,106,0.001617,2,False,False
porosity__G121_3,porosity,data/raw/porosity/G121_3.jpg,data/processed/porosity/porosity__G121_3.npy,gray,none,1.0,porosity__G121,True,pseudo_pending,train,512,512,40,453,69,460,256,data/processed/masks/porosity/porosity__G121_3.npy,241,0.003677,5,False,False
porosity__G122_1,porosity,data/raw/porosity/G122_1.jpg,data/processed/porosity/porosity__G122_1.npy,gray,none,1.0,porosity__G122,True,pseudo_pending,train,512,512,40,453,69,460,256,data/processed/masks/porosity/porosity__G122_1.npy,26,0.000397,1,False,False
porosity__G122_2,porosity,data/raw/porosity/G122_2.jpg,data/processed/porosity/porosity__G122_2.npy,gray,none,1.0,porosity__G122,True,pseudo_pending,train,512,512,40,453,69,460,256,data/processed/masks/porosity/porosity__G122_2.npy,108,0.001648,2,False,False
porosity__G122_3,porosity,data/raw/porosity/G122_3.jpg,data/processed/porosity/porosity__G122_3.npy,gray,none,1.0,porosity__G122,True,pseudo_pending,train,512,512,40,453,69,460,256,data/processed/masks/porosity/porosity__G122_3.npy,80,0.001221,3,False,False
porosity__G123_1,porosity,data/raw/porosity/G123_1.jpg,data/processed/porosity/porosity__G123_1.npy,gray,none,1.0,porosity__G123,True,pseudo_pending,val,512,512,40,453,69,460,256,data/processed/masks/porosity/porosity__G123_1.npy,37,0.000565,3,False,False
porosity__G123_2,porosity,data/raw/porosity/G123_2.jpg,data/processed/porosity/porosity__G123_2.npy,gray,none,1.0,porosity__G123,True,pseudo_pending,val,512,512,40,453,69,460,256,data/processed/masks/porosity/porosity__G123_2.npy,31,0.000473,1,False,False
porosity__G123_3,porosity,data/raw/porosity/G123_3.jpg,data/processed/porosity/porosity__G123_3.npy,gray,none,1.0,porosity__G123,True,pseudo_pending,val,512,512,40,453,69,460,256,data/processed/masks/porosity/porosity__G123_3.npy,55,0.000839,1,False,False
porosity__G124_1,porosity,data/raw/porosity/G124_1.jpg,data/processed/porosity/porosity__G124_1.npy,gray,none,1.0,porosity__G124,True,pseudo_pending,train,512,512,40,453,69,460,256,data/processed/masks/porosity/porosity__G124_1.npy,74,0.001129,3,False,False
porosity__G124_2,porosity,data/raw/porosity/G124_2.jpg,data/processed/porosity/porosity__G124_2.npy,gray,none,1.0,porosity__G124,True,pseudo_pending,train,512,512,40,453,69,460,256,data/processed/masks/porosity/porosity__G124_2.npy,174,0.002655,4,False,False
porosity__G124_3,porosity,data/raw/porosity/G124_3.jpg,data/processed/porosity/porosity__G124_3.npy,gray,none,1.0,porosity__G124,True,pseudo_pending,train,512,512,40,453,69,460,256,data/processed/masks/porosity/porosity__G124_3.npy,73,0.001114,2,False,False
porosity__G125_1,porosity,data/raw/porosity/G125_1.jpg,data/processed/porosity/porosity__G125_1.npy,gray,none,1.0,porosity__G125,True,pseudo_pending,train,512,512,40,453,69,460,256,data/processed/masks/porosity/porosity__G125_1.npy,51,0.000778,3,False,False
porosity__G125_2,porosity,data/raw/porosity/G125_2.jpg,data/processed/porosity/porosity__G125_2.npy,gray,none,1.0,porosity__G125,True,pseudo_pending,train,512,512,40,453,69,460,256,data/processed/masks/porosity/porosity__G125_2.npy,103,0.001572,3,False,False
porosity__G125_3,porosity,data/raw/porosity/G125_3.jpg,data/processed/porosity/porosity__G125_3.npy,gray,none,1.0,porosity__G125,True,pseudo_pending,train,512,512,40,453,69,460,256,data/processed/masks/porosity/porosity__G125_3.npy,79,0.001205,4,False,False
porosity__G126_1,porosity,data/raw/porosity/G126_1.jpg,data/processed/porosity/porosity__G126_1.npy,gray,none,1.0,porosity__G126,True,pseudo_pending,train,512,512,40,453,69,460,256,data/processed/masks/porosity/porosity__G126_1.npy,71,0.001083,4,False,False
porosity__G126_2,porosity,data/raw/porosity/G126_2.jpg,data/processed/porosity/porosity__G126_2.npy,gray,none,1.0,porosity__G126,True,pseudo_pending,train,512,512,40,453,69,460,256,data/processed/masks/porosity/porosity__G126_2.npy,156,0.00238,3,False,False
porosity__G126_3,porosity,data/raw/porosity/G126_3.jpg,data/processed/porosity/porosity__G126_3.npy,gray,none,1.0,porosity__G126,True,pseudo_pending,train,512,512,40,453,69,460,256,data/processed/masks/porosity/porosity__G126_3.npy,174,0.002655,5,False,False
porosity__G127_1,porosity,data/raw/porosity/G127_1.jpg,data/processed/porosity/porosity__G127_1.npy,gray,none,1.0,porosity__G127,True,pseudo_pending,train,512,512,40,453,69,460,256,data/processed/masks/porosity/porosity__G127_1.npy,102,0.001556,7,False,False
porosity__G127_2,porosity,data/raw/porosity/G127_2.jpg,data/processed/porosity/porosity__G127_2.npy,gray,none,1.0,porosity__G127,True,pseudo_pending,train,512,512,40,453,69,460,256,data/processed/masks/porosity/porosity__G127_2.npy,97,0.00148,3,False,False
porosity__G127_3,porosity,data/raw/porosity/G127_3.jpg,data/processed/porosity/porosity__G127_3.npy,gray,none,1.0,porosity__G127,True,pseudo_pending,train,512,512,40,453,69,460,256,data/processed/masks/porosity/porosity__G127_3.npy,51,0.000778,1,False,False
porosity__G128_1,porosity,data/raw/porosity/G128_1.jpg,data/processed/porosity/porosity__G128_1.npy,gray,none,1.0,porosity__G128,True,pseudo_pending,train,512,512,40,453,69,460,256,data/processed/masks/porosity/porosity__G128_1.npy,47,0.000717,3,False,False
porosity__G128_2,porosity,data/raw/porosity/G128_2.jpg,data/processed/porosity/porosity__G128_2.npy,gray,none,1.0,porosity__G128,True,pseudo_pending,train,512,512,40,453,69,460,256,data/processed/masks/porosity/porosity__G128_2.npy,160,0.002441,6,False,False
porosity__G128_3,porosity,data/raw/porosity/G128_3.jpg,data/processed/porosity/porosity__G128_3.npy,gray,none,1.0,porosity__G128,True,pseudo_pending,train,512,512,40,453,69,460,256,data/processed/masks/porosity/porosity__G128_3.npy,71,0.001083,4,False,False
porosity__G141_1,porosity,data/raw/porosity/G141_1.jpg,data/processed/porosity/porosity__G141_1.npy,gray,none,1.0,porosity__G141,True,pseudo_pending,test,512,512,40,453,69,460,256,data/processed/masks/porosity/porosity__G141_1.npy,39,0.000595,3,False,False
porosity__G141_2,porosity,data/raw/porosity/G141_2.jpg,data/processed/porosity/porosity__G141_2.npy,gray,none,1.0,porosity__G141,True,pseudo_pending,test,512,512,40,453,69,460,256,data/processed/masks/porosity/porosity__G141_2.npy,83,0.001266,2,False,False
porosity__G141_3,porosity,data/raw/porosity/G141_3.jpg,data/processed/porosity/porosity__G141_3.npy,gray,none,1.0,porosity__G141,True,pseudo_pending,test,512,512,40,453,69,460,256,data/processed/masks/porosity/porosity__G141_3.npy,56,0.000854,1,False,False
porosity__G142_1,porosity,data/raw/porosity/G142_1.jpg,data/processed/porosity/porosity__G142_1.npy,gray,none,1.0,porosity__G142,True,pseudo_pending,train,512,512,40,453,69,460,256,data/processed/masks/porosity/porosity__G142_1.npy,38,0.00058,4,False,False
porosity__G142_2,porosity,data/raw/porosity/G142_2.jpg,data/processed/porosity/porosity__G142_2.npy,gray,none,1.0,porosity__G142,True,pseudo_pending,train,512,512,40,453,69,460,256,data/processed/masks/porosity/porosity__G142_2.npy,40,0.00061,2,False,False
porosity__G142_3,porosity,data/raw/porosity/G142_3.jpg,data/processed/porosity/porosity__G142_3.npy,gray,none,1.0,porosity__G142,True,pseudo_pending,train,512,512,40,453,69,460,256,data/processed/masks/porosity/porosity__G142_3.npy,61,0.000931,2,False,False
porosity__G143_1,porosity,data/raw/porosity/G143_1.jpg,data/processed/porosity/porosity__G143_1.npy,gray,none,1.0,porosity__G143,True,pseudo_pending,train,512,512,40,453,69,460,256,data/processed/masks/porosity/porosity__G143_1.npy,39,0.000595,3,False,False
porosity__G143_2,porosity,data/raw/porosity/G143_2.jpg,data/processed/porosity/porosity__G143_2.npy,gray,none,1.0,porosity__G143,True,pseudo_pending,train,512,512,40,453,69,460,256,data/processed/masks/porosity/porosity__G143_2.npy,88,0.001343,4,False,False
porosity__G143_3,porosity,data/raw/porosity/G143_3.jpg,data/processed/porosity/porosity__G143_3.npy,gray,none,1.0,porosity__G143,True,pseudo_pending,train,512,512,40,453,69,460,256,data/processed/masks/porosity/porosity__G143_3.npy,43,0.000656,1,False,False
porosity__G144_1,porosity,data/raw/porosity/G144_1.jpg,data/processed/porosity/porosity__G144_1.npy,gray,none,1.0,porosity__G144,True,pseudo_pending,train,512,512,40,453,69,460,256,data/processed/masks/porosity/porosity__G144_1.npy,28,0.000427,2,False,False
porosity__G144_2,porosity,data/raw/porosity/G144_2.jpg,data/processed/porosity/porosity__G144_2.npy,gray,none,1.0,porosity__G144,True,pseudo_pending,train,512,512,40,453,69,460,256,data/processed/masks/porosity/porosity__G144_2.npy,44,0.000671,2,False,False
porosity__G145_1,porosity,data/raw/porosity/G145_1.jpg,data/processed/porosity/porosity__G145_1.npy,gray,none,1.0,porosity__G145,True,pseudo_pending,train,512,512,40,453,69,460,256,data/processed/masks/porosity/porosity__G145_1.npy,48,0.000732,3,False,False
porosity__G145_2,porosity,data/raw/porosity/G145_2.jpg,data/processed/porosity/porosity__G145_2.npy,gray,none,1.0,porosity__G145,True,pseudo_pending,train,512,512,40,453,69,460,256,data/processed/masks/porosity/porosity__G145_2.npy,124,0.001892,3,False,False
porosity__G145_3,porosity,data/raw/porosity/G145_3.jpg,data/processed/porosity/porosity__G145_3.npy,gray,none,1.0,porosity__G145,True,pseudo_pending,train,512,512,40,453,69,460,256,data/processed/masks/porosity/porosity__G145_3.npy,95,0.00145,1,False,False
porosity__G146_1,porosity,data/raw/porosity/G146_1.jpg,data/processed/porosity/porosity__G146_1.npy,gray,none,1.0,porosity__G146,True,pseudo_pending,val,512,512,40,453,69,460,256,data/processed/masks/porosity/porosity__G146_1.npy,44,0.000671,2,False,False
porosity__G146_2,porosity,data/raw/porosity/G146_2.jpg,data/processed/porosity/porosity__G146_2.npy,gray,none,1.0,porosity__G146,True,pseudo_pending,val,512,512,40,453,69,460,256,data/processed/masks/porosity/porosity__G146_2.npy,214,0.003265,5,False,False
porosity__G146_3,porosity,data/raw/porosity/G146_3.jpg,data/processed/porosity/porosity__G146_3.npy,gray,none,1.0,porosity__G146,True,pseudo_pending,val,512,512,40,453,69,460,256,data/processed/masks/porosity/porosity__G146_3.npy,65,0.000992,1,False,False
porosity__G147_1,porosity,data/raw/porosity/G147_1.jpg,data/processed/porosity/porosity__G147_1.npy,gray,none,1.0,porosity__G147,True,pseudo_pending,test,512,512,40,453,69,460,256,data/processed/masks/porosity/porosity__G147_1.npy,50,0.000763,2,False,False
porosity__G147_2,porosity,data/raw/porosity/G147_2.jpg,data/processed/porosity/porosity__G147_2.npy,gray,none,1.0,porosity__G147,True,pseudo_pending,test,512,512,40,453,69,460,256,data/processed/masks/porosity/porosity__G147_2.npy,94,0.001434,2,False,False
porosity__G147_3,porosity,data/raw/porosity/G147_3.jpg,data/processed/porosity/porosity__G147_3.npy,gray,none,1.0,porosity__G147,True,pseudo_pending,test,512,512,40,453,69,460,256,data/processed/masks/porosity/porosity__G147_3.npy,60,0.000916,3,False,False
porosity__G148_1,porosity,data/raw/porosity/G148_1.jpg,data/processed/porosity/porosity__G148_1.npy,gray,none,1.0,porosity__G148,True,pseudo_pending,val,512,512,40,453,69,460,256,data/processed/masks/porosity/porosity__G148_1.npy,47,0.000717,4,False,False
porosity__G148_2,porosity,data/raw/porosity/G148_2.jpg,data/processed/porosity/porosity__G148_2.npy,gray,none,1.0,porosity__G148,True,pseudo_pending,val,512,512,40,453,69,460,256,data/processed/masks/porosity/porosity__G148_2.npy,32,0.000488,1,False,False
porosity__G148_3,porosity,data/raw/porosity/G148_3.jpg,data/processed/porosity/porosity__G148_3.npy,gray,none,1.0,porosity__G148,True,pseudo_pending,val,512,512,40,453,69,460,256,data/processed/masks/porosity/porosity__G148_3.npy,68,0.001038,2,False,False
porosity__G149_1,porosity,data/raw/porosity/G149_1.jpg,data/processed/porosity/porosity__G149_1.npy,gray,none,1.0,porosity__G149,True,pseudo_pending,train,512,512,40,453,69,460,256,data/processed/masks/porosity/porosity__G149_1.npy,54,0.000824,3,False,False
porosity__G149_2,porosity,data/raw/porosity/G149_2.jpg,data/processed/porosity/porosity__G149_2.npy,gray,none,1.0,porosity__G149,True,pseudo_pending,train,512,512,40,453,69,460,256,data/processed/masks/porosity/porosity__G149_2.npy,123,0.001877,3,False,False
porosity__G149_3,porosity,data/raw/porosity/G149_3.jpg,data/processed/porosity/porosity__G149_3.npy,gray,none,1.0,porosity__G149,True,pseudo_pending,train,512,512,40,453,69,460,256,data/processed/masks/porosity/porosity__G149_3.npy,45,0.000687,1,False,False
porosity__G150_1,porosity,data/raw/porosity/G150_1.jpg,data/processed/porosity/porosity__G150_1.npy,gray,none,1.0,porosity__G150,True,pseudo_pending,train,512,512,40,453,69,460,256,data/processed/masks/porosity/porosity__G150_1.npy,45,0.000687,2,False,False
porosity__G150_2,porosity,data/raw/porosity/G150_2.jpg,data/processed/porosity/porosity__G150_2.npy,gray,none,1.0,porosity__G150,True,pseudo_pending,train,512,512,40,453,69,460,256,data/processed/masks/porosity/porosity__G150_2.npy,141,0.002151,3,False,False
porosity__G150_3,porosity,data/raw/porosity/G150_3.jpg,data/processed/porosity/porosity__G150_3.npy,gray,none,1.0,porosity__G150,True,pseudo_pending,train,512,512,40,453,69,460,256,data/processed/masks/porosity/porosity__G150_3.npy,134,0.002045,3,False,False
porosity__G155_1,porosity,data/raw/porosity/G155_1.jpg,data/processed/porosity/porosity__G155_1.npy,gray,none,1.0,porosity__G155,True,pseudo_pending,train,512,512,40,453,69,460,256,data/processed/masks/porosity/porosity__G155_1.npy,81,0.001236,4,False,False
porosity__G155_2,porosity,data/raw/porosity/G155_2.jpg,data/processed/porosity/porosity__G155_2.npy,gray,none,1.0,porosity__G155,True,pseudo_pending,train,512,512,40,453,69,460,256,data/processed/masks/porosity/porosity__G155_2.npy,140,0.002136,3,False,False
porosity__G155_3,porosity,data/raw/porosity/G155_3.jpg,data/processed/porosity/porosity__G155_3.npy,gray,none,1.0,porosity__G155,True,pseudo_pending,train,512,512,40,453,69,460,256,data/processed/masks/porosity/porosity__G155_3.npy,220,0.003357,3,False,False
porosity__G156_1,porosity,data/raw/porosity/G156_1.jpg,data/processed/porosity/porosity__G156_1.npy,gray,none,1.0,porosity__G156,True,pseudo_pending,test,512,512,40,453,69,460,256,data/processed/masks/porosity/porosity__G156_1.npy,69,0.001053,3,False,False
porosity__G156_2,porosity,data/raw/porosity/G156_2.jpg,data/processed/porosity/porosity__G156_2.npy,gray,none,1.0,porosity__G156,True,pseudo_pending,test,512,512,40,453,69,460,256,data/processed/masks/porosity/porosity__G156_2.npy,197,0.003006,6,False,False
porosity__G156_3,porosity,data/raw/porosity/G156_3.jpg,data/processed/porosity/porosity__G156_3.npy,gray,none,1.0,porosity__G156,True,pseudo_pending,test,512,512,40,453,69,460,256,data/processed/masks/porosity/porosity__G156_3.npy,265,0.004044,4,False,False
porosity__G157_1,porosity,data/raw/porosity/G157_1.jpg,data/processed/porosity/porosity__G157_1.npy,gray,none,1.0,porosity__G157,True,pseudo_pending,train,512,512,40,453,69,460,256,data/processed/masks/porosity/porosity__G157_1.npy,23,0.000351,2,False,False
porosity__G157_2,porosity,data/raw/porosity/G157_2.jpg,data/processed/porosity/porosity__G157_2.npy,gray,none,1.0,porosity__G157,True,pseudo_pending,train,512,512,40,453,69,460,256,data/processed/masks/porosity/porosity__G157_2.npy,67,0.001022,3,False,False
porosity__G157_3,porosity,data/raw/porosity/G157_3.jpg,data/processed/porosity/porosity__G157_3.npy,gray,none,1.0,porosity__G157,True,pseudo_pending,train,512,512,40,453,69,460,256,data/processed/masks/porosity/porosity__G157_3.npy,42,0.000641,1,False,False
porosity__G158_1,porosity,data/raw/porosity/G158_1.jpg,data/processed/porosity/porosity__G158_1.npy,gray,none,1.0,porosity__G158,True,pseudo_pending,val,512,512,40,453,69,460,256,data/processed/masks/porosity/porosity__G158_1.npy,44,0.000671,2,False,False
porosity__G158_2,porosity,data/raw/porosity/G158_2.jpg,data/processed/porosity/porosity__G158_2.npy,gray,none,1.0,porosity__G158,True,pseudo_pending,val,512,512,40,453,69,460,256,data/processed/masks/porosity/porosity__G158_2.npy,227,0.003464,5,False,False
porosity__G158_3,porosity,data/raw/porosity/G158_3.jpg,data/processed/porosity/porosity__G158_3.npy,gray,none,1.0,porosity__G158,True,pseudo_pending,val,512,512,40,453,69,460,256,data/processed/masks/porosity/porosity__G158_3.npy,154,0.00235,2,False,False
porosity__G159_1,porosity,data/raw/porosity/G159_1.jpg,data/processed/porosity/porosity__G159_1.npy,gray,none,1.0,porosity__G159,True,pseudo_pending,train,512,512,40,453,69,460,256,data/processed/masks/porosity/porosity__G159_1.npy,33,0.000504,1,False,False
porosity__G159_2,porosity,data/raw/porosity/G159_2.jpg,data/processed/porosity/porosity__G159_2.npy,gray,none,1.0,porosity__G159,True,pseudo_pending,train,512,512,40,453,69,460,256,data/processed/masks/porosity/porosity__G159_2.npy,93,0.001419,4,False,False
porosity__G159_3,porosity,data/raw/porosity/G159_3.jpg,data/processed/porosity/porosity__G159_3.npy,gray,none,1.0,porosity__G159,True,pseudo_pending,train,512,512,40,453,69,460,256,data/processed/masks/porosity/porosity__G159_3.npy,82,0.001251,1,False,False
porosity__G160_1,porosity,data/raw/porosity/G160_1.jpg,data/processed/porosity/porosity__G160_1.npy,gray,none,1.0,porosity__G160,True,pseudo_pending,train,512,512,40,453,69,460,256,data/processed/masks/porosity/porosity__G160_1.npy,343,0.005234,15,False,False
porosity__G160_3,porosity,data/raw/porosity/G160_3.jpg,data/processed/porosity/porosity__G160_3.npy,gray,none,1.0,porosity__G160,True,pseudo_pending,train,512,512,40,453,69,460,256,data/processed/masks/porosity/porosity__G160_3.npy,178,0.002716,2,False,False
porosity__G161_1,porosity,data/raw/porosity/G161_1.jpg,data/processed/porosity/porosity__G161_1.npy,gray,none,1.0,porosity__G161,True,pseudo_pending,train,512,512,40,453,69,460,256,data/processed/masks/porosity/porosity__G161_1.npy,105,0.001602,2,False,False
porosity__G161_2,porosity,data/raw/porosity/G161_2.jpg,data/processed/porosity/porosity__G161_2.npy,gray,none,1.0,porosity__G161,True,pseudo_pending,train,512,512,40,453,69,460,256,data/processed/masks/porosity/porosity__G161_2.npy,132,0.002014,1,False,False
porosity__G161_3,porosity,data/raw/porosity/G161_3.jpg,data/processed/porosity/porosity__G161_3.npy,gray,none,1.0,porosity__G161,True,pseudo_pending,train,512,512,40,453,69,460,256,data/processed/masks/porosity/porosity__G161_3.npy,72,0.001099,1,False,False
porosity__G162_1,porosity,data/raw/porosity/G162_1.jpg,data/processed/porosity/porosity__G162_1.npy,gray,none,1.0,porosity__G162,True,pseudo_pending,val,512,512,40,453,69,460,256,data/processed/masks/porosity/porosity__G162_1.npy,52,0.000793,2,False,False
porosity__G162_2,porosity,data/raw/porosity/G162_2.jpg,data/processed/porosity/porosity__G162_2.npy,gray,none,1.0,porosity__G162,True,pseudo_pending,val,512,512,40,453,69,460,256,data/processed/masks/porosity/porosity__G162_2.npy,256,0.003906,2,False,False
porosity__G162_3,porosity,data/raw/porosity/G162_3.jpg,data/processed/porosity/porosity__G162_3.npy,gray,none,1.0,porosity__G162,True,pseudo_pending,val,512,512,40,453,69,460,256,data/processed/masks/porosity/porosity__G162_3.npy,47,0.000717,1,False,False
porosity__G163_1,porosity,data/raw/porosity/G163_1.jpg,data/processed/porosity/porosity__G163_1.npy,gray,none,1.0,porosity__G163,True,pseudo_pending,test,512,512,40,453,69,460,256,data/processed/masks/porosity/porosity__G163_1.npy,69,0.001053,7,False,False
porosity__G163_2,porosity,data/raw/porosity/G163_2.jpg,data/processed/porosity/porosity__G163_2.npy,gray,none,1.0,porosity__G163,True,pseudo_pending,test,512,512,40,453,69,460,256,data/processed/masks/porosity/porosity__G163_2.npy,84,0.001282,1,False,False
porosity__G163_3,porosity,data/raw/porosity/G163_3.jpg,data/processed/porosity/porosity__G163_3.npy,gray,none,1.0,porosity__G163,True,pseudo_pending,test,512,512,40,453,69,460,256,data/processed/masks/porosity/porosity__G163_3.npy,71,0.001083,2,False,False
porosity__G164_1,porosity,data/raw/porosity/G164_1.jpg,data/processed/porosity/porosity__G164_1.npy,gray,none,1.0,porosity__G164,True,pseudo_pending,train,512,512,40,453,69,460,256,data/processed/masks/porosity/porosity__G164_1.npy,83,0.001266,6,False,False
porosity__G164_2,porosity,data/raw/porosity/G164_2.jpg,data/processed/porosity/porosity__G164_2.npy,gray,none,1.0,porosity__G164,True,pseudo_pending,train,512,512,40,453,69,460,256,data/processed/masks/porosity/porosity__G164_2.npy,134,0.002045,6,False,False
porosity__G164_3,porosity,data/raw/porosity/G164_3.jpg,data/processed/porosity/porosity__G164_3.npy,gray,none,1.0,porosity__G164,True,pseudo_pending,train,512,512,40,453,69,460,256,data/processed/masks/porosity/porosity__G164_3.npy,221,0.003372,4,False,False
porosity__G165_2,porosity,data/raw/porosity/G165_2.jpg,data/processed/porosity/porosity__G165_2.npy,gray,none,1.0,porosity__G165,True,pseudo_pending,train,512,512,40,453,69,460,256,data/processed/masks/porosity/porosity__G165_2.npy,137,0.00209,2,False,False
porosity__G165_3,porosity,data/raw/porosity/G165_3.jpg,data/processed/porosity/porosity__G165_3.npy,gray,none,1.0,porosity__G165,True,pseudo_pending,train,512,512,40,453,69,460,256,data/processed/masks/porosity/porosity__G165_3.npy,214,0.003265,4,False,False
porosity__G169_2,porosity,data/raw/porosity/G169_2.jpg,data/processed/porosity/porosity__G169_2.npy,gray,none,1.0,porosity__G169,True,pseudo_pending,train,512,512,40,453,69,460,256,data/processed/masks/porosity/porosity__G169_2.npy,38,0.00058,2,False,False
porosity__G169_3,porosity,data/raw/porosity/G169_3.jpg,data/processed/porosity/porosity__G169_3.npy,gray,none,1.0,porosity__G169,True,pseudo_pending,train,512,512,40,453,69,460,256,data/processed/masks/porosity/porosity__G169_3.npy,39,0.000595,1,False,False
porosity__G170_1,porosity,data/raw/porosity/G170_1.jpg,data/processed/porosity/porosity__G170_1.npy,gray,none,1.0,porosity__G170,True,pseudo_pending,val,512,512,40,453,69,460,256,data/processed/masks/porosity/porosity__G170_1.npy,12,0.000183,1,False,False
porosity__G170_3,porosity,data/raw/porosity/G170_3.jpg,data/processed/porosity/porosity__G170_3.npy,gray,none,1.0,porosity__G170,True,pseudo_pending,val,512,512,40,453,69,460,256,data/processed/masks/porosity/porosity__G170_3.npy,92,0.001404,2,False,False
porosity__G171_2,porosity,data/raw/porosity/G171_2.jpg,data/processed/porosity/porosity__G171_2.npy,gray,none,1.0,porosity__G171,True,pseudo_pending,train,512,512,40,453,69,460,256,data/processed/masks/porosity/porosity__G171_2.npy,23,0.000351,1,False,False
porosity__G171_3,porosity,data/raw/porosity/G171_3.jpg,data/processed/porosity/porosity__G171_3.npy,gray,none,1.0,porosity__G171,True,pseudo_pending,train,512,512,40,453,69,460,256,data/processed/masks/porosity/porosity__G171_3.npy,31,0.000473,1,False,False
porosity__G172_1,porosity,data/raw/porosity/G172_1.jpg,data/processed/porosity/porosity__G172_1.npy,gray,none,1.0,porosity__G172,True,pseudo_pending,train,512,512,40,453,69,460,256,data/processed/masks/porosity/porosity__G172_1.npy,19,0.00029,2,False,False
porosity__G172_2,porosity,data/raw/porosity/G172_2.jpg,data/processed/porosity/porosity__G172_2.npy,gray,none,1.0,porosity__G172,True,pseudo_pending,train,512,512,40,453,69,460,256,data/processed/masks/porosity/porosity__G172_2.npy,23,0.000351,1,False,False
porosity__G172_3,porosity,data/raw/porosity/G172_3.jpg,data/processed/porosity/porosity__G172_3.npy,gray,none,1.0,porosity__G172,True,pseudo_pending,train,512,512,40,453,69,460,256,data/processed/masks/porosity/porosity__G172_3.npy,28,0.000427,1,False,False
porosity__G174_1,porosity,data/raw/porosity/G174_1.jpg,data/processed/porosity/porosity__G174_1.npy,gray,none,1.0,porosity__G174,True,pseudo_pending,test,512,512,40,453,69,460,256,data/processed/masks/porosity/porosity__G174_1.npy,57,0.00087,3,False,False
porosity__G174_2,porosity,data/raw/porosity/G174_2.jpg,data/processed/porosity/porosity__G174_2.npy,gray,none,1.0,porosity__G174,True,pseudo_pending,test,512,512,40,453,69,460,256,data/processed/masks/porosity/porosity__G174_2.npy,49,0.000748,2,False,False
porosity__G174_3,porosity,data/raw/porosity/G174_3.jpg,data/processed/porosity/porosity__G174_3.npy,gray,none,1.0,porosity__G174,True,pseudo_pending,test,512,512,40,453,69,460,256,data/processed/masks/porosity/porosity__G174_3.npy,46,0.000702,1,False,False
porosity__G178_1,porosity,data/raw/porosity/G178_1.jpg,data/processed/porosity/porosity__G178_1.npy,gray,none,1.0,porosity__G178,True,pseudo_pending,train,512,512,40,453,69,460,256,data/processed/masks/porosity/porosity__G178_1.npy,47,0.000717,4,False,False
porosity__G178_2,porosity,data/raw/porosity/G178_2.jpg,data/processed/porosity/porosity__G178_2.npy,gray,none,1.0,porosity__G178,True,pseudo_pending,train,512,512,40,453,69,460,256,data/processed/masks/porosity/porosity__G178_2.npy,99,0.001511,4,False,False
porosity__G178_3,porosity,data/raw/porosity/G178_3.jpg,data/processed/porosity/porosity__G178_3.npy,gray,none,1.0,porosity__G178,True,pseudo_pending,train,512,512,40,453,69,460,256,data/processed/masks/porosity/porosity__G178_3.npy,38,0.00058,1,False,False
porosity__G179_1,porosity,data/raw/porosity/G179_1.jpg,data/processed/porosity/porosity__G179_1.npy,gray,none,1.0,porosity__G179,True,pseudo_pending,val,512,512,40,453,69,460,256,data/processed/masks/porosity/porosity__G179_1.npy,69,0.001053,8,False,False
porosity__G179_2,porosity,data/raw/porosity/G179_2.jpg,data/processed/porosity/porosity__G179_2.npy,gray,none,1.0,porosity__G179,True,pseudo_pending,val,512,512,40,453,69,460,256,data/processed/masks/porosity/porosity__G179_2.npy,98,0.001495,3,False,False
porosity__G179_3,porosity,data/raw/porosity/G179_3.jpg,data/processed/porosity/porosity__G179_3.npy,gray,none,1.0,porosity__G179,True,pseudo_pending,val,512,512,40,453,69,460,256,data/processed/masks/porosity/porosity__G179_3.npy,47,0.000717,2,False,False
porosity__G183_1,porosity,data/raw/porosity/G183_1.jpg,data/processed/porosity/porosity__G183_1.npy,gray,none,1.0,porosity__G183,True,pseudo_pending,train,512,512,40,453,69,460,256,data/processed/masks/porosity/porosity__G183_1.npy,12,0.000183,1,False,False
porosity__G183_2,porosity,data/raw/porosity/G183_2.jpg,data/processed/porosity/porosity__G183_2.npy,gray,none,1.0,porosity__G183,True,pseudo_pending,train,512,512,40,453,69,460,256,data/processed/masks/porosity/porosity__G183_2.npy,72,0.001099,3,False,False
porosity__G183_3,porosity,data/raw/porosity/G183_3.jpg,data/processed/porosity/porosity__G183_3.npy,gray,none,1.0,porosity__G183,True,pseudo_pending,train,512,512,40,453,69,460,256,data/processed/masks/porosity/porosity__G183_3.npy,25,0.000381,1,False,False
porosity__G184_1,porosity,data/raw/porosity/G184_1.jpg,data/processed/porosity/porosity__G184_1.npy,gray,none,1.0,porosity__G184,True,pseudo_pending,test,512,512,40,453,69,460,256,data/processed/masks/porosity/porosity__G184_1.npy,72,0.001099,8,False,False
porosity__G184_2,porosity,data/raw/porosity/G184_2.jpg,data/processed/porosity/porosity__G184_2.npy,gray,none,1.0,porosity__G184,True,pseudo_pending,test,512,512,40,453,69,460,256,data/processed/masks/porosity/porosity__G184_2.npy,228,0.003479,7,False,False
porosity__G184_3,porosity,data/raw/porosity/G184_3.jpg,data/processed/porosity/porosity__G184_3.npy,gray,none,1.0,porosity__G184,True,pseudo_pending,test,512,512,40,453,69,460,256,data/processed/masks/porosity/porosity__G184_3.npy,56,0.000854,3,False,False
porosity__G185_1,porosity,data/raw/porosity/G185_1.jpg,data/processed/porosity/porosity__G185_1.npy,gray,none,1.0,porosity__G185,True,pseudo_pending,train,512,512,40,453,69,460,256,data/processed/masks/porosity/porosity__G185_1.npy,48,0.000732,1,False,False
porosity__G185_2,porosity,data/raw/porosity/G185_2.jpg,data/processed/porosity/porosity__G185_2.npy,gray,none,1.0,porosity__G185,True,pseudo_pending,train,512,512,40,453,69,460,256,data/processed/masks/porosity/porosity__G185_2.npy,39,0.000595,1,False,False
porosity__G186_1,porosity,data/raw/porosity/G186_1.jpg,data/processed/porosity/porosity__G186_1.npy,gray,none,1.0,porosity__G186,True,pseudo_pending,train,512,512,40,453,69,460,256,data/processed/masks/porosity/porosity__G186_1.npy,14,0.000214,2,False,False
porosity__G186_2,porosity,data/raw/porosity/G186_2.jpg,data/processed/porosity/porosity__G186_2.npy,gray,none,1.0,porosity__G186,True,pseudo_pending,train,512,512,40,453,69,460,256,data/processed/masks/porosity/porosity__G186_2.npy,18,0.000275,1,False,False
porosity__G186_3,porosity,data/raw/porosity/G186_3.jpg,data/processed/porosity/porosity__G186_3.npy,gray,none,1.0,porosity__G186,True,pseudo_pending,train,512,512,40,453,69,460,256,data/processed/masks/porosity/porosity__G186_3.npy,91,0.001389,6,False,False
porosity__G187_1,porosity,data/raw/porosity/G187_1.jpg,data/processed/porosity/porosity__G187_1.npy,gray,none,1.0,porosity__G187,True,pseudo_pending,train,512,512,40,453,69,460,256,data/processed/masks/porosity/porosity__G187_1.npy,25,0.000381,3,False,False
porosity__G187_2,porosity,data/raw/porosity/G187_2.jpg,data/processed/porosity/porosity__G187_2.npy,gray,none,1.0,porosity__G187,True,pseudo_pending,train,512,512,40,453,69,460,256,data/processed/masks/porosity/porosity__G187_2.npy,28,0.000427,1,False,False
porosity__G187_3,porosity,data/raw/porosity/G187_3.jpg,data/processed/porosity/porosity__G187_3.npy,gray,none,1.0,porosity__G187,True,pseudo_pending,train,512,512,40,453,69,460,256,data/processed/masks/porosity/porosity__G187_3.npy,61,0.000931,3,False,False
porosity__G188_1,porosity,data/raw/porosity/G188_1.jpg,data/processed/porosity/porosity__G188_1.npy,gray,none,1.0,porosity__G188,True,pseudo_pending,train,512,512,40,453,69,460,256,data/processed/masks/porosity/porosity__G188_1.npy,28,0.000427,2,False,False
porosity__G188_2,porosity,data/raw/porosity/G188_2.jpg,data/processed/porosity/porosity__G188_2.npy,gray,none,1.0,porosity__G188,True,pseudo_pending,train,512,512,40,453,69,460,256,data/processed/masks/porosity/porosity__G188_2.npy,39,0.000595,3,False,False
porosity__G188_3,porosity,data/raw/porosity/G188_3.jpg,data/processed/porosity/porosity__G188_3.npy,gray,none,1.0,porosity__G188,True,pseudo_pending,train,512,512,40,453,69,460,256,data/processed/masks/porosity/porosity__G188_3.npy,27,0.000412,1,False,False
porosity__G189_1,porosity,data/raw/porosity/G189_1.jpg,data/processed/porosity/porosity__G189_1.npy,gray,none,1.0,porosity__G189,True,pseudo_pending,val,512,512,40,453,69,460,256,data/processed/masks/porosity/porosity__G189_1.npy,72,0.001099,4,False,False
porosity__G189_2,porosity,data/raw/porosity/G189_2.jpg,data/processed/porosity/porosity__G189_2.npy,gray,none,1.0,porosity__G189,True,pseudo_pending,val,512,512,40,453,69,460,256,data/processed/masks/porosity/porosity__G189_2.npy,182,0.002777,8,False,False
porosity__G189_3,porosity,data/raw/porosity/G189_3.jpg,data/processed/porosity/porosity__G189_3.npy,gray,none,1.0,porosity__G189,True,pseudo_pending,val,512,512,40,453,69,460,256,data/processed/masks/porosity/porosity__G189_3.npy,38,0.00058,2,False,False
porosity__G190_1,porosity,data/raw/porosity/G190_1.jpg,data/processed/porosity/porosity__G190_1.npy,gray,none,1.0,porosity__G190,True,pseudo_pending,test,512,512,40,453,69,460,256,data/processed/masks/porosity/porosity__G190_1.npy,169,0.002579,10,False,False
porosity__G190_2,porosity,data/raw/porosity/G190_2.jpg,data/processed/porosity/porosity__G190_2.npy,gray,none,1.0,porosity__G190,True,pseudo_pending,test,512,512,40,453,69,460,256,data/processed/masks/porosity/porosity__G190_2.npy,262,0.003998,3,False,False
porosity__G190_3,porosity,data/raw/porosity/G190_3.jpg,data/processed/porosity/porosity__G190_3.npy,gray,none,1.0,porosity__G190,True,pseudo_pending,test,512,512,40,453,69,460,256,data/processed/masks/porosity/porosity__G190_3.npy,60,0.000916,1,False,False
porosity__G191_1,porosity,data/raw/porosity/G191_1.jpg,data/processed/porosity/porosity__G191_1.npy,gray,none,1.0,porosity__G191,True,pseudo_pending,train,512,512,40,453,69,460,256,data/processed/masks/porosity/porosity__G191_1.npy,23,0.000351,2,False,False
porosity__G191_2,porosity,data/raw/porosity/G191_2.jpg,data/processed/porosity/porosity__G191_2.npy,gray,none,1.0,porosity__G191,True,pseudo_pending,train,512,512,40,453,69,460,256,data/processed/masks/porosity/porosity__G191_2.npy,73,0.001114,2,False,False
porosity__G191_3,porosity,data/raw/porosity/G191_3.jpg,data/processed/porosity/porosity__G191_3.npy,gray,none,1.0,porosity__G191,True,pseudo_pending,train,512,512,40,453,69,460,256,data/processed/masks/porosity/porosity__G191_3.npy,45,0.000687,4,False,False
porosity__G192_1,porosity,data/raw/porosity/G192_1.jpg,data/processed/porosity/porosity__G192_1.npy,gray,none,1.0,porosity__G192,True,pseudo_pending,train,512,512,40,453,69,460,256,data/processed/masks/porosity/porosity__G192_1.npy,58,0.000885,6,False,False
porosity__G192_2,porosity,data/raw/porosity/G192_2.jpg,data/processed/porosity/porosity__G192_2.npy,gray,none,1.0,porosity__G192,True,pseudo_pending,train,512,512,40,453,69,460,256,data/processed/masks/porosity/porosity__G192_2.npy,128,0.001953,3,False,False
porosity__G192_3,porosity,data/raw/porosity/G192_3.jpg,data/processed/porosity/porosity__G192_3.npy,gray,none,1.0,porosity__G192,True,pseudo_pending,train,512,512,40,453,69,460,256,data/processed/masks/porosity/porosity__G192_3.npy,147,0.002243,4,False,False
porosity__G193_1,porosity,data/raw/porosity/G193_1.jpg,data/processed/porosity/porosity__G193_1.npy,gray,none,1.0,porosity__G193,True,pseudo_pending,train,512,512,40,453,69,460,256,data/processed/masks/porosity/porosity__G193_1.npy,27,0.000412,2,False,False
porosity__G193_2,porosity,data/raw/porosity/G193_2.jpg,data/processed/porosity/porosity__G193_2.npy,gray,none,1.0,porosity__G193,True,pseudo_pending,train,512,512,40,453,69,460,256,data/processed/masks/porosity/porosity__G193_2.npy,64,0.000977,3,False,False
porosity__G193_3,porosity,data/raw/porosity/G193_3.jpg,data/processed/porosity/porosity__G193_3.npy,gray,none,1.0,porosity__G193,True,pseudo_pending,train,512,512,40,453,69,460,256,data/processed/masks/porosity/porosity__G193_3.npy,70,0.001068,4,False,False
porosity__G194_1,porosity,data/raw/porosity/G194_1.jpg,data/processed/porosity/porosity__G194_1.npy,gray,none,1.0,porosity__G194,True,pseudo_pending,train,512,512,40,453,69,460,256,data/processed/masks/porosity/porosity__G194_1.npy,18,0.000275,1,False,False
porosity__G194_2,porosity,data/raw/porosity/G194_2.jpg,data/processed/porosity/porosity__G194_2.npy,gray,none,1.0,porosity__G194,True,pseudo_pending,train,512,512,40,453,69,460,256,data/processed/masks/porosity/porosity__G194_2.npy,18,0.000275,1,False,False
porosity__G194_3,porosity,data/raw/porosity/G194_3.jpg,data/processed/porosity/porosity__G194_3.npy,gray,none,1.0,porosity__G194,True,pseudo_pending,train,512,512,40,453,69,460,256,data/processed/masks/porosity/porosity__G194_3.npy,31,0.000473,1,False,False
porosity__G195_1,porosity,data/raw/porosity/G195_1.jpg,data/processed/porosity/porosity__G195_1.npy,gray,none,1.0,porosity__G195,True,pseudo_pending,train,512,512,40,453,69,460,256,data/processed/masks/porosity/porosity__G195_1.npy,29,0.000443,2,False,False
porosity__G195_2,porosity,data/raw/porosity/G195_2.jpg,data/processed/porosity/porosity__G195_2.npy,gray,none,1.0,porosity__G195,True,pseudo_pending,train,512,512,40,453,69,460,256,data/processed/masks/porosity/porosity__G195_2.npy,109,0.001663,4,False,False
porosity__G195_3,porosity,data/raw/porosity/G195_3.jpg,data/processed/porosity/porosity__G195_3.npy,gray,none,1.0,porosity__G195,True,pseudo_pending,train,512,512,40,453,69,460,256,data/processed/masks/porosity/porosity__G195_3.npy,42,0.000641,1,False,False
porosity__G196_1,porosity,data/raw/porosity/G196_1.jpg,data/processed/porosity/porosity__G196_1.npy,gray,none,1.0,porosity__G196,True,pseudo_pending,val,512,512,40,453,69,460,256,data/processed/masks/porosity/porosity__G196_1.npy,42,0.000641,2,False,False
porosity__G196_2,porosity,data/raw/porosity/G196_2.jpg,data/processed/porosity/porosity__G196_2.npy,gray,none,1.0,porosity__G196,True,pseudo_pending,val,512,512,40,453,69,460,256,data/processed/masks/porosity/porosity__G196_2.npy,241,0.003677,7,False,False
porosity__G196_3,porosity,data/raw/porosity/G196_3.jpg,data/processed/porosity/porosity__G196_3.npy,gray,none,1.0,porosity__G196,True,pseudo_pending,val,512,512,40,453,69,460,256,data/processed/masks/porosity/porosity__G196_3.npy,67,0.001022,2,False,False
porosity__G197_1,porosity,data/raw/porosity/G197_1.jpg,data/processed/porosity/porosity__G197_1.npy,gray,none,1.0,porosity__G197,True,pseudo_pending,train,512,512,40,453,69,460,256,data/processed/masks/porosity/porosity__G197_1.npy,70,0.001068,7,False,False
porosity__G197_2,porosity,data/raw/porosity/G197_2.jpg,data/processed/porosity/porosity__G197_2.npy,gray,none,1.0,porosity__G197,True,pseudo_pending,train,512,512,40,453,69,460,256,data/processed/masks/porosity/porosity__G197_2.npy,165,0.002518,2,False,False
porosity__G197_3,porosity,data/raw/porosity/G197_3.jpg,data/processed/porosity/porosity__G197_3.npy,gray,none,1.0,porosity__G197,True,pseudo_pending,train,512,512,40,453,69,460,256,data/processed/masks/porosity/porosity__G197_3.npy,205,0.003128,3,False,False
porosity__G198_1,porosity,data/raw/porosity/G198_1.jpg,data/processed/porosity/porosity__G198_1.npy,gray,none,1.0,porosity__G198,True,pseudo_pending,train,512,512,40,453,69,460,256,data/processed/masks/porosity/porosity__G198_1.npy,102,0.001556,6,False,False
porosity__G198_2,porosity,data/raw/porosity/G198_2.jpg,data/processed/porosity/porosity__G198_2.npy,gray,none,1.0,porosity__G198,True,pseudo_pending,train,512,512,40,453,69,460,256,data/processed/masks/porosity/porosity__G198_2.npy,258,0.003937,7,False,False
porosity__G198_3,porosity,data/raw/porosity/G198_3.jpg,data/processed/porosity/porosity__G198_3.npy,gray,none,1.0,porosity__G198,True,pseudo_pending,train,512,512,40,453,69,460,256,data/processed/masks/porosity/porosity__G198_3.npy,62,0.000946,2,False,False
porosity__G199_1,porosity,data/raw/porosity/G199_1.jpg,data/processed/porosity/porosity__G199_1.npy,gray,none,1.0,porosity__G199,True,pseudo_pending,train,512,512,40,453,69,460,256,data/processed/masks/porosity/porosity__G199_1.npy,52,0.000793,3,False,False
porosity__G199_2,porosity,data/raw/porosity/G199_2.jpg,data/processed/porosity/porosity__G199_2.npy,gray,none,1.0,porosity__G199,True,pseudo_pending,train,512,512,40,453,69,460,256,data/processed/masks/porosity/porosity__G199_2.npy,102,0.001556,2,False,False
porosity__G199_3,porosity,data/raw/porosity/G199_3.jpg,data/processed/porosity/porosity__G199_3.npy,gray,none,1.0,porosity__G199,True,pseudo_pending,train,512,512,40,453,69,460,256,data/processed/masks/porosity/porosity__G199_3.npy,18,0.000275,1,False,False
porosity__G200_1,porosity,data/raw/porosity/G200_1.jpg,data/processed/porosity/porosity__G200_1.npy,gray,none,1.0,porosity__G200,True,pseudo_pending,test,512,512,40,453,69,460,256,data/processed/masks/porosity/porosity__G200_1.npy,70,0.001068,6,False,False
porosity__G200_2,porosity,data/raw/porosity/G200_2.jpg,data/processed/porosity/porosity__G200_2.npy,gray,none,1.0,porosity__G200,True,pseudo_pending,test,512,512,40,453,69,460,256,data/processed/masks/porosity/porosity__G200_2.npy,66,0.001007,3,False,False
porosity__G200_3,porosity,data/raw/porosity/G200_3.jpg,data/processed/porosity/porosity__G200_3.npy,gray,none,1.0,porosity__G200,True,pseudo_pending,test,512,512,40,453,69,460,256,data/processed/masks/porosity/porosity__G200_3.npy,41,0.000626,1,False,False
porosity__G209,porosity,data/raw/porosity/G209.jpg,data/processed/porosity/porosity__G209.npy,gray,none,1.0,porosity__G209,True,pseudo_pending,train,512,512,38,453,69,460,256,data/processed/masks/porosity/porosity__G209.npy,216,0.003296,6,False,False
porosity__G210,porosity,data/raw/porosity/G210.jpg,data/processed/porosity/porosity__G210.npy,gray,none,1.0,porosity__G210,True,pseudo_pending,train,512,512,38,453,69,460,256,data/processed/masks/porosity/porosity__G210.npy,94,0.001434,7,False,False
porosity__G211,porosity,data/raw/porosity/G211.jpg,data/processed/porosity/porosity__G211.npy,gray,none,1.0,porosity__G211,True,pseudo_pending,train,512,512,38,453,69,460,256,data/processed/masks/porosity/porosity__G211.npy,80,0.001221,1,False,False
porosity__G212,porosity,data/raw/porosity/G212.jpg,data/processed/porosity/porosity__G212.npy,gray,none,1.0,porosity__G212,True,pseudo_pending,test,512,512,38,453,69,460,256,data/processed/masks/porosity/porosity__G212.npy,86,0.001312,2,False,False
porosity__G213,porosity,data/raw/porosity/G213.jpg,data/processed/porosity/porosity__G213.npy,gray,none,1.0,porosity__G213,True,pseudo_pending,train,512,512,38,453,69,460,256,data/processed/masks/porosity/porosity__G213.npy,236,0.003601,11,False,False
porosity__G214,porosity,data/raw/porosity/G214.jpg,data/processed/porosity/porosity__G214.npy,gray,none,1.0,porosity__G214,True,pseudo_pending,test,512,512,38,453,69,460,256,data/processed/masks/porosity/porosity__G214.npy,189,0.002884,3,False,False
porosity__G215,porosity,data/raw/porosity/G215.jpg,data/processed/porosity/porosity__G215.npy,gray,none,1.0,porosity__G215,True,pseudo_pending,train,512,512,38,453,69,460,256,data/processed/masks/porosity/porosity__G215.npy,119,0.001816,5,False,False
porosity__G216,porosity,data/raw/porosity/G216.jpg,data/processed/porosity/porosity__G216.npy,gray,none,1.0,porosity__G216,True,pseudo_pending,test,512,512,38,453,69,460,256,data/processed/masks/porosity/porosity__G216.npy,152,0.002319,5,False,False
porosity__G219,porosity,data/raw/porosity/G219.jpg,data/processed/porosity/porosity__G219.npy,gray,none,1.0,porosity__G219,True,pseudo_pending,train,512,512,38,453,69,460,256,data/processed/masks/porosity/porosity__G219.npy,138,0.002106,1,False,False
porosity__G220,porosity,data/raw/porosity/G220.jpg,data/processed/porosity/porosity__G220.npy,gray,none,1.0,porosity__G220,True,pseudo_pending,train,512,512,38,453,69,460,256,data/processed/masks/porosity/porosity__G220.npy,172,0.002625,2,False,False
porosity__G221,porosity,data/raw/porosity/G221.jpg,data/processed/porosity/porosity__G221.npy,gray,none,1.0,porosity__G221,True,pseudo_pending,train,512,512,38,453,69,460,256,data/processed/masks/porosity/porosity__G221.npy,161,0.002457,7,False,False
porosity__G222,porosity,data/raw/porosity/G222.jpg,data/processed/porosity/porosity__G222.npy,gray,none,1.0,porosity__G222,True,pseudo_pending,val,512,512,38,453,69,460,256,data/processed/masks/porosity/porosity__G222.npy,180,0.002747,4,False,False
porosity__G223,porosity,data/raw/porosity/G223.jpg,data/processed/porosity/porosity__G223.npy,gray,none,1.0,porosity__G223,True,pseudo_pending,train,512,512,38,453,69,460,256,data/processed/masks/porosity/porosity__G223.npy,94,0.001434,1,False,False
porosity__G224,porosity,data/raw/porosity/G224.jpg,data/processed/porosity/porosity__G224.npy,gray,none,1.0,porosity__G224,True,pseudo_pending,test,512,512,38,453,69,460,256,data/processed/masks/porosity/porosity__G224.npy,142,0.002167,6,False,False
porosity__G225,porosity,data/raw/porosity/G225.jpg,data/processed/porosity/porosity__G225.npy,gray,none,1.0,porosity__G225,True,pseudo_pending,train,512,512,38,453,69,460,256,data/processed/masks/porosity/porosity__G225.npy,267,0.004074,6,False,False
porosity__G226,porosity,data/raw/porosity/G226.jpg,data/processed/porosity/porosity__G226.npy,gray,none,1.0,porosity__G226,True,pseudo_pending,test,512,512,38,453,69,460,256,data/processed/masks/porosity/porosity__G226.npy,78,0.00119,5,False,False
porosity__G229,porosity,data/raw/porosity/G229.jpg,data/processed/porosity/porosity__G229.npy,gray,none,1.0,porosity__G229,True,pseudo_pending,train,512,512,38,453,69,460,256,data/processed/masks/porosity/porosity__G229.npy,189,0.002884,8,False,False
porosity__G230,porosity,data/raw/porosity/G230.jpg,data/processed/porosity/porosity__G230.npy,gray,none,1.0,porosity__G230,True,pseudo_pending,train,512,512,38,453,69,460,256,data/processed/masks/porosity/porosity__G230.npy,68,0.001038,5,False,False
porosity__G231,porosity,data/raw/porosity/G231.jpg,data/processed/porosity/porosity__G231.npy,gray,none,1.0,porosity__G231,True,pseudo_pending,train,512,512,38,453,69,460,256,data/processed/masks/porosity/porosity__G231.npy,179,0.002731,6,False,False
porosity__G232,porosity,data/raw/porosity/G232.jpg,data/processed/porosity/porosity__G232.npy,gray,none,1.0,porosity__G232,True,pseudo_pending,val,512,512,38,453,69,460,256,data/processed/masks/porosity/porosity__G232.npy,159,0.002426,4,False,False
porosity__G233,porosity,data/raw/porosity/G233.jpg,data/processed/porosity/porosity__G233.npy,gray,none,1.0,porosity__G233,True,pseudo_pending,train,512,512,38,453,69,460,256,data/processed/masks/porosity/porosity__G233.npy,64,0.000977,4,False,False
porosity__G234,porosity,data/raw/porosity/G234.jpg,data/processed/porosity/porosity__G234.npy,gray,none,1.0,porosity__G234,True,pseudo_pending,train,512,512,38,453,69,460,256,data/processed/masks/porosity/porosity__G234.npy,167,0.002548,5,False,False
porosity__G235,porosity,data/raw/porosity/G235.jpg,data/processed/porosity/porosity__G235.npy,gray,none,1.0,porosity__G235,True,pseudo_pending,train,512,512,38,453,69,460,256,data/processed/masks/porosity/porosity__G235.npy,63,0.000961,1,False,False
porosity__G236,porosity,data/raw/porosity/G236.jpg,data/processed/porosity/porosity__G236.npy,gray,none,1.0,porosity__G236,True,pseudo_pending,train,512,512,38,453,69,460,256,data/processed/masks/porosity/porosity__G236.npy,85,0.001297,5,False,False
porosity__G239,porosity,data/raw/porosity/G239.jpg,data/processed/porosity/porosity__G239.npy,gray,none,1.0,porosity__G239,True,pseudo_pending,test,512,512,38,453,69,460,256,data/processed/masks/porosity/porosity__G239.npy,70,0.001068,1,False,False
porosity__G240,porosity,data/raw/porosity/G240.jpg,data/processed/porosity/porosity__G240.npy,gray,none,1.0,porosity__G240,True,pseudo_pending,train,512,512,38,453,69,460,256,data/processed/masks/porosity/porosity__G240.npy,54,0.000824,1,False,False
porosity__G241,porosity,data/raw/porosity/G241.jpg,data/processed/porosity/porosity__G241.npy,gray,none,1.0,porosity__G241,True,pseudo_pending,train,512,512,38,453,69,460,256,data/processed/masks/porosity/porosity__G241.npy,230,0.00351,4,False,False
porosity__G242,porosity,data/raw/porosity/G242.jpg,data/processed/porosity/porosity__G242.npy,gray,none,1.0,porosity__G242,True,pseudo_pending,train,512,512,38,453,69,460,256,data/processed/masks/porosity/porosity__G242.npy,153,0.002335,1,False,False
porosity__G243,porosity,data/raw/porosity/G243.jpg,data/processed/porosity/porosity__G243.npy,gray,none,1.0,porosity__G243,True,pseudo_pending,train,512,512,38,453,69,460,256,data/processed/masks/porosity/porosity__G243.npy,114,0.00174,4,False,False
porosity__G244,porosity,data/raw/porosity/G244.jpg,data/processed/porosity/porosity__G244.npy,gray,none,1.0,porosity__G244,True,pseudo_pending,val,512,512,38,453,69,460,256,data/processed/masks/porosity/porosity__G244.npy,52,0.000793,4,False,False
porosity__G245,porosity,data/raw/porosity/G245.jpg,data/processed/porosity/porosity__G245.npy,gray,none,1.0,porosity__G245,True,pseudo_pending,test,512,512,38,453,69,460,256,data/processed/masks/porosity/porosity__G245.npy,122,0.001862,3,False,False
porosity__G246,porosity,data/raw/porosity/G246.jpg,data/processed/porosity/porosity__G246.npy,gray,none,1.0,porosity__G246,True,pseudo_pending,train,512,512,38,453,69,460,256,data/processed/masks/porosity/porosity__G246.npy,239,0.003647,5,False,False
porosity__G249,porosity,data/raw/porosity/G249.jpg,data/processed/porosity/porosity__G249.npy,gray,none,1.0,porosity__G249,True,pseudo_pending,train,512,512,38,453,69,460,256,data/processed/masks/porosity/porosity__G249.npy,86,0.001312,4,False,False
porosity__G250,porosity,data/raw/porosity/G250.jpg,data/processed/porosity/porosity__G250.npy,gray,none,1.0,porosity__G250,True,pseudo_pending,test,512,512,38,453,69,460,256,data/processed/masks/porosity/porosity__G250.npy,30,0.000458,2,False,False
porosity__G251,porosity,data/raw/porosity/G251.jpg,data/processed/porosity/porosity__G251.npy,gray,none,1.0,porosity__G251,True,pseudo_pending,train,512,512,38,453,69,460,256,data/processed/masks/porosity/porosity__G251.npy,80,0.001221,3,False,False
porosity__G252,porosity,data/raw/porosity/G252.jpg,data/processed/porosity/porosity__G252.npy,gray,none,1.0,porosity__G252,True,pseudo_pending,train,512,512,38,453,69,460,256,data/processed/masks/porosity/porosity__G252.npy,118,0.001801,2,False,False
porosity__G253,porosity,data/raw/porosity/G253.jpg,data/processed/porosity/porosity__G253.npy,gray,none,1.0,porosity__G253,True,pseudo_pending,train,512,512,38,453,69,460,256,data/processed/masks/porosity/porosity__G253.npy,15,0.000229,1,False,False
porosity__G254,porosity,data/raw/porosity/G254.jpg,data/processed/porosity/porosity__G254.npy,gray,none,1.0,porosity__G254,True,pseudo_pending,train,512,512,38,453,69,460,256,data/processed/masks/porosity/porosity__G254.npy,47,0.000717,2,False,False
porosity__G255,porosity,data/raw/porosity/G255.jpg,data/processed/porosity/porosity__G255.npy,gray,none,1.0,porosity__G255,True,pseudo_pending,train,512,512,38,453,69,460,256,data/processed/masks/porosity/porosity__G255.npy,75,0.001144,1,False,False
porosity__G256,porosity,data/raw/porosity/G256.jpg,data/processed/porosity/porosity__G256.npy,gray,none,1.0,porosity__G256,True,pseudo_pending,val,512,512,38,453,69,460,256,data/processed/masks/porosity/porosity__G256.npy,85,0.001297,6,False,False
porosity__G259,porosity,data/raw/porosity/G259.jpg,data/processed/porosity/porosity__G259.npy,gray,none,1.0,porosity__G259,True,pseudo_pending,val,512,512,38,453,69,460,256,data/processed/masks/porosity/porosity__G259.npy,214,0.003265,7,False,False
porosity__G260,porosity,data/raw/porosity/G260.jpg,data/processed/porosity/porosity__G260.npy,gray,none,1.0,porosity__G260,True,pseudo_pending,test,512,512,38,453,69,460,256,data/processed/masks/porosity/porosity__G260.npy,200,0.003052,3,False,False
porosity__G261,porosity,data/raw/porosity/G261.jpg,data/processed/porosity/porosity__G261.npy,gray,none,1.0,porosity__G261,True,pseudo_pending,test,512,512,38,453,69,460,256,data/processed/masks/porosity/porosity__G261.npy,42,0.000641,4,False,False
porosity__G262,porosity,data/raw/porosity/G262.jpg,data/processed/porosity/porosity__G262.npy,gray,none,1.0,porosity__G262,True,pseudo_pending,val,512,512,38,453,69,460,256,data/processed/masks/porosity/porosity__G262.npy,21,0.00032,1,False,False
porosity__G263,porosity,data/raw/porosity/G263.jpg,data/processed/porosity/porosity__G263.npy,gray,none,1.0,porosity__G263,True,pseudo_pending,test,512,512,38,453,69,460,256,data/processed/masks/porosity/porosity__G263.npy,33,0.000504,1,False,False
porosity__G264,porosity,data/raw/porosity/G264.jpg,data/processed/porosity/porosity__G264.npy,gray,none,1.0,porosity__G264,True,pseudo_pending,train,512,512,38,453,69,460,256,data/processed/masks/porosity/porosity__G264.npy,35,0.000534,2,False,False
porosity__G265,porosity,data/raw/porosity/G265.jpg,data/processed/porosity/porosity__G265.npy,gray,none,1.0,porosity__G265,True,pseudo_pending,val,512,512,38,453,69,460,256,data/processed/masks/porosity/porosity__G265.npy,101,0.001541,3,False,False
porosity__G266,porosity,data/raw/porosity/G266.jpg,data/processed/porosity/porosity__G266.npy,gray,none,1.0,porosity__G266,True,pseudo_pending,train,512,512,38,453,69,460,256,data/processed/masks/porosity/porosity__G266.npy,42,0.000641,1,False,False
porosity__G269,porosity,data/raw/porosity/G269.jpg,data/processed/porosity/porosity__G269.npy,gray,none,1.0,porosity__G269,True,pseudo_pending,test,512,512,38,453,69,460,256,data/processed/masks/porosity/porosity__G269.npy,73,0.001114,2,False,False
porosity__G270,porosity,data/raw/porosity/G270.jpg,data/processed/porosity/porosity__G270.npy,gray,none,1.0,porosity__G270,True,pseudo_pending,train,512,512,38,453,69,460,256,data/processed/masks/porosity/porosity__G270.npy,124,0.001892,3,False,False
porosity__G271,porosity,data/raw/porosity/G271.jpg,data/processed/porosity/porosity__G271.npy,gray,none,1.0,porosity__G271,True,pseudo_pending,train,512,512,38,453,69,460,256,data/processed/masks/porosity/porosity__G271.npy,89,0.001358,2,False,False
porosity__G272,porosity,data/raw/porosity/G272.jpg,data/processed/porosity/porosity__G272.npy,gray,none,1.0,porosity__G272,True,pseudo_pending,train,512,512,38,453,69,460,256,data/processed/masks/porosity/porosity__G272.npy,50,0.000763,2,False,False
porosity__G273,porosity,data/raw/porosity/G273.jpg,data/processed/porosity/porosity__G273.npy,gray,none,1.0,porosity__G273,True,pseudo_pending,train,512,512,38,453,69,460,256,data/processed/masks/porosity/porosity__G273.npy,37,0.000565,3,False,False
porosity__G274,porosity,data/raw/porosity/G274.jpg,data/processed/porosity/porosity__G274.npy,gray,none,1.0,porosity__G274,True,pseudo_pending,train,512,512,38,453,69,460,256,data/processed/masks/porosity/porosity__G274.npy,84,0.001282,2,False,False
porosity__G275,porosity,data/raw/porosity/G275.jpg,data/processed/porosity/porosity__G275.npy,gray,none,1.0,porosity__G275,True,pseudo_pending,train,512,512,38,453,69,460,256,data/processed/masks/porosity/porosity__G275.npy,57,0.00087,1,False,False
porosity__G276,porosity,data/raw/porosity/G276.jpg,data/processed/porosity/porosity__G276.npy,gray,none,1.0,porosity__G276,True,pseudo_pending,train,512,512,38,453,69,460,256,data/processed/masks/porosity/porosity__G276.npy,59,0.0009,2,False,False
porosity__G279,porosity,data/raw/porosity/G279.jpg,data/processed/porosity/porosity__G279.npy,gray,none,1.0,porosity__G279,True,pseudo_pending,train,512,512,38,453,69,460,256,data/processed/masks/porosity/porosity__G279.npy,153,0.002335,9,False,False
porosity__G280,porosity,data/raw/porosity/G280.jpg,data/processed/porosity/porosity__G280.npy,gray,none,1.0,porosity__G280,True,pseudo_pending,test,512,512,38,453,69,460,256,data/processed/masks/porosity/porosity__G280.npy,171,0.002609,3,False,False
porosity__G281,porosity,data/raw/porosity/G281.jpg,data/processed/porosity/porosity__G281.npy,gray,none,1.0,porosity__G281,True,pseudo_pending,val,512,512,38,453,69,460,256,data/processed/masks/porosity/porosity__G281.npy,180,0.002747,7,False,False
porosity__G282,porosity,data/raw/porosity/G282.jpg,data/processed/porosity/porosity__G282.npy,gray,none,1.0,porosity__G282,True,pseudo_pending,train,512,512,38,453,69,460,256,data/processed/masks/porosity/porosity__G282.npy,85,0.001297,6,False,False
porosity__G283,porosity,data/raw/porosity/G283.jpg,data/processed/porosity/porosity__G283.npy,gray,none,1.0,porosity__G283,True,pseudo_pending,test,512,512,38,453,69,460,256,data/processed/masks/porosity/porosity__G283.npy,73,0.001114,3,False,False
porosity__G284,porosity,data/raw/porosity/G284.jpg,data/processed/porosity/porosity__G284.npy,gray,none,1.0,porosity__G284,True,pseudo_pending,test,512,512,38,453,69,460,256,data/processed/masks/porosity/porosity__G284.npy,39,0.000595,2,False,False
porosity__G285,porosity,data/raw/porosity/G285.jpg,data/processed/porosity/porosity__G285.npy,gray,none,1.0,porosity__G285,True,pseudo_pending,val,512,512,38,453,69,460,256,data/processed/masks/porosity/porosity__G285.npy,52,0.000793,3,False,False
porosity__G286,porosity,data/raw/porosity/G286.jpg,data/processed/porosity/porosity__G286.npy,gray,none,1.0,porosity__G286,True,pseudo_pending,train,512,512,38,453,69,460,256,data/processed/masks/porosity/porosity__G286.npy,189,0.002884,6,False,False
porosity__G289,porosity,data/raw/porosity/G289.jpg,data/processed/porosity/porosity__G289.npy,gray,none,1.0,porosity__G289,True,pseudo_pending,train,512,512,38,453,69,460,256,data/processed/masks/porosity/porosity__G289.npy,66,0.001007,2,False,False
porosity__G290,porosity,data/raw/porosity/G290.jpg,data/processed/porosity/porosity__G290.npy,gray,none,1.0,porosity__G290,True,pseudo_pending,train,512,512,38,453,69,460,256,data/processed/masks/porosity/porosity__G290.npy,157,0.002396,2,False,False
porosity__G291,porosity,data/raw/porosity/G291.jpg,data/processed/porosity/porosity__G291.npy,gray,none,1.0,porosity__G291,True,pseudo_pending,train,512,512,38,453,69,460,256,data/processed/masks/porosity/porosity__G291.npy,161,0.002457,2,False,False
porosity__G292,porosity,data/raw/porosity/G292.jpg,data/processed/porosity/porosity__G292.npy,gray,none,1.0,porosity__G292,True,pseudo_pending,train,512,512,38,453,69,460,256,data/processed/masks/porosity/porosity__G292.npy,28,0.000427,2,False,False
porosity__G293,porosity,data/raw/porosity/G293.jpg,data/processed/porosity/porosity__G293.npy,gray,none,1.0,porosity__G293,True,pseudo_pending,val,512,512,38,453,69,460,256,data/processed/masks/porosity/porosity__G293.npy,83,0.001266,2,False,False
porosity__G294,porosity,data/raw/porosity/G294.jpg,data/processed/porosity/porosity__G294.npy,gray,none,1.0,porosity__G294,True,pseudo_pending,train,512,512,38,453,69,460,256,data/processed/masks/porosity/porosity__G294.npy,48,0.000732,1,False,False
porosity__G295,porosity,data/raw/porosity/G295.jpg,data/processed/porosity/porosity__G295.npy,gray,none,1.0,porosity__G295,True,pseudo_pending,val,512,512,38,453,69,460,256,data/processed/masks/porosity/porosity__G295.npy,138,0.002106,5,False,False
porosity__G296,porosity,data/raw/porosity/G296.jpg,data/processed/porosity/porosity__G296.npy,gray,none,1.0,porosity__G296,True,pseudo_pending,train,512,512,38,453,69,460,256,data/processed/masks/porosity/porosity__G296.npy,93,0.001419,2,False,False
porosity__G299,porosity,data/raw/porosity/G299.jpg,data/processed/porosity/porosity__G299.npy,gray,none,1.0,porosity__G299,True,pseudo_pending,train,512,512,38,453,69,460,256,data/processed/masks/porosity/porosity__G299.npy,59,0.0009,1,False,False
porosity__G300,porosity,data/raw/porosity/G300.jpg,data/processed/porosity/porosity__G300.npy,gray,none,1.0,porosity__G300,True,pseudo_pending,train,512,512,38,453,69,460,256,data/processed/masks/porosity/porosity__G300.npy,39,0.000595,1,False,False
porosity__G301,porosity,data/raw/porosity/G301.jpg,data/processed/porosity/porosity__G301.npy,gray,none,1.0,porosity__G301,True,pseudo_pending,test,512,512,38,453,69,460,256,data/processed/masks/porosity/porosity__G301.npy,67,0.001022,4,False,False
porosity__G302,porosity,data/raw/porosity/G302.jpg,data/processed/porosity/porosity__G302.npy,gray,none,1.0,porosity__G302,True,pseudo_pending,val,512,512,38,453,69,460,256,data/processed/masks/porosity/porosity__G302.npy,128,0.001953,3,False,False
porosity__G303,porosity,data/raw/porosity/G303.jpg,data/processed/porosity/porosity__G303.npy,gray,none,1.0,porosity__G303,True,pseudo_pending,train,512,512,38,453,69,460,256,data/processed/masks/porosity/porosity__G303.npy,60,0.000916,1,False,False
porosity__G304,porosity,data/raw/porosity/G304.jpg,data/processed/porosity/porosity__G304.npy,gray,none,1.0,porosity__G304,True,pseudo_pending,train,512,512,38,453,69,460,256,data/processed/masks/porosity/porosity__G304.npy,49,0.000748,3,False,False
porosity__G305,porosity,data/raw/porosity/G305.jpg,data/processed/porosity/porosity__G305.npy,gray,none,1.0,porosity__G305,True,pseudo_pending,train,512,512,38,453,69,460,256,data/processed/masks/porosity/porosity__G305.npy,110,0.001678,2,False,False
porosity__G306,porosity,data/raw/porosity/G306.jpg,data/processed/porosity/porosity__G306.npy,gray,none,1.0,porosity__G306,True,pseudo_pending,train,512,512,38,453,69,460,256,data/processed/masks/porosity/porosity__G306.npy,242,0.003693,4,False,False
porosity__G309,porosity,data/raw/porosity/G309.jpg,data/processed/porosity/porosity__G309.npy,gray,none,1.0,porosity__G309,True,pseudo_pending,val,512,512,38,453,69,460,256,data/processed/masks/porosity/porosity__G309.npy,76,0.00116,3,False,False
porosity__G310,porosity,data/raw/porosity/G310.jpg,data/processed/porosity/porosity__G310.npy,gray,none,1.0,porosity__G310,True,pseudo_pending,train,512,512,38,453,69,460,256,data/processed/masks/porosity/porosity__G310.npy,34,0.000519,2,False,False
porosity__G311,porosity,data/raw/porosity/G311.jpg,data/processed/porosity/porosity__G311.npy,gray,none,1.0,porosity__G311,True,pseudo_pending,train,512,512,38,453,69,460,256,data/processed/masks/porosity/porosity__G311.npy,30,0.000458,1,False,False
porosity__G312,porosity,data/raw/porosity/G312.jpg,data/processed/porosity/porosity__G312.npy,gray,none,1.0,porosity__G312,True,pseudo_pending,train,512,512,38,453,69,460,256,data/processed/masks/porosity/porosity__G312.npy,51,0.000778,1,False,False
porosity__G313,porosity,data/raw/porosity/G313.jpg,data/processed/porosity/porosity__G313.npy,gray,none,1.0,porosity__G313,True,pseudo_pending,val,512,512,38,453,69,460,256,data/processed/masks/porosity/porosity__G313.npy,78,0.00119,3,False,False
porosity__G314,porosity,data/raw/porosity/G314.jpg,data/processed/porosity/porosity__G314.npy,gray,none,1.0,porosity__G314,True,pseudo_pending,train,512,512,38,453,69,460,256,data/processed/masks/porosity/porosity__G314.npy,173,0.00264,4,False,False
porosity__G315,porosity,data/raw/porosity/G315.jpg,data/processed/porosity/porosity__G315.npy,gray,none,1.0,porosity__G315,True,pseudo_pending,train,512,512,38,453,69,460,256,data/processed/masks/porosity/porosity__G315.npy,72,0.001099,2,False,False
porosity__G316,porosity,data/raw/porosity/G316.jpg,data/processed/porosity/porosity__G316.npy,gray,none,1.0,porosity__G316,True,pseudo_pending,train,512,512,38,453,69,460,256,data/processed/masks/porosity/porosity__G316.npy,52,0.000793,3,False,False
porosity__G319,porosity,data/raw/porosity/G319.jpg,data/processed/porosity/porosity__G319.npy,gray,none,1.0,porosity__G319,True,pseudo_pending,train,512,512,38,453,69,460,256,data/processed/masks/porosity/porosity__G319.npy,68,0.001038,4,False,False
porosity__G320,porosity,data/raw/porosity/G320.jpg,data/processed/porosity/porosity__G320.npy,gray,none,1.0,porosity__G320,True,pseudo_pending,train,512,512,38,453,69,460,256,data/processed/masks/porosity/porosity__G320.npy,157,0.002396,3,False,False
porosity__G321,porosity,data/raw/porosity/G321.jpg,data/processed/porosity/porosity__G321.npy,gray,none,1.0,porosity__G321,True,pseudo_pending,train,512,512,38,453,69,460,256,data/processed/masks/porosity/porosity__G321.npy,171,0.002609,5,False,False
porosity__G322,porosity,data/raw/porosity/G322.jpg,data/processed/porosity/porosity__G322.npy,gray,none,1.0,porosity__G322,True,pseudo_pending,train,512,512,38,453,69,460,256,data/processed/masks/porosity/porosity__G322.npy,100,0.001526,7,False,False
porosity__G323,porosity,data/raw/porosity/G323.jpg,data/processed/porosity/porosity__G323.npy,gray,none,1.0,porosity__G323,True,pseudo_pending,train,512,512,38,453,69,460,256,data/processed/masks/porosity/porosity__G323.npy,104,0.001587,3,False,False
porosity__G324,porosity,data/raw/porosity/G324.jpg,data/processed/porosity/porosity__G324.npy,gray,none,1.0,porosity__G324,True,pseudo_pending,train,512,512,38,453,69,460,256,data/processed/masks/porosity/porosity__G324.npy,53,0.000809,1,False,False
porosity__G325,porosity,data/raw/porosity/G325.jpg,data/processed/porosity/porosity__G325.npy,gray,none,1.0,porosity__G325,True,pseudo_pending,train,512,512,38,453,69,460,256,data/processed/masks/porosity/porosity__G325.npy,45,0.000687,3,False,False
porosity__G326,porosity,data/raw/porosity/G326.jpg,data/processed/porosity/porosity__G326.npy,gray,none,1.0,porosity__G326,True,pseudo_pending,train,512,512,38,453,69,460,256,data/processed/masks/porosity/porosity__G326.npy,165,0.002518,7,False,False
porosity__G329,porosity,data/raw/porosity/G329.jpg,data/processed/porosity/porosity__G329.npy,gray,none,1.0,porosity__G329,True,pseudo_pending,train,512,512,38,453,69,460,256,data/processed/masks/porosity/porosity__G329.npy,62,0.000946,3,False,False
porosity__G330,porosity,data/raw/porosity/G330.jpg,data/processed/porosity/porosity__G330.npy,gray,none,1.0,porosity__G330,True,pseudo_pending,train,512,512,38,453,69,460,256,data/processed/masks/porosity/porosity__G330.npy,293,0.004471,6,False,False
porosity__G331,porosity,data/raw/porosity/G331.jpg,data/processed/porosity/porosity__G331.npy,gray,none,1.0,porosity__G331,True,pseudo_pending,train,512,512,38,453,69,460,256,data/processed/masks/porosity/porosity__G331.npy,24,0.000366,3,False,False
porosity__G332,porosity,data/raw/porosity/G332.jpg,data/processed/porosity/porosity__G332.npy,gray,none,1.0,porosity__G332,True,pseudo_pending,train,512,512,38,453,69,460,256,data/processed/masks/porosity/porosity__G332.npy,26,0.000397,1,False,False
porosity__G333,porosity,data/raw/porosity/G333.jpg,data/processed/porosity/porosity__G333.npy,gray,none,1.0,porosity__G333,True,pseudo_pending,train,512,512,38,453,69,460,256,data/processed/masks/porosity/porosity__G333.npy,33,0.000504,1,False,False
porosity__G334,porosity,data/raw/porosity/G334.jpg,data/processed/porosity/porosity__G334.npy,gray,none,1.0,porosity__G334,True,pseudo_pending,train,512,512,38,453,69,460,256,data/processed/masks/porosity/porosity__G334.npy,183,0.002792,4,False,False
porosity__G335,porosity,data/raw/porosity/G335.jpg,data/processed/porosity/porosity__G335.npy,gray,none,1.0,porosity__G335,True,pseudo_pending,train,512,512,38,453,69,460,256,data/processed/masks/porosity/porosity__G335.npy,46,0.000702,1,False,False
porosity__G336,porosity,data/raw/porosity/G336.jpg,data/processed/porosity/porosity__G336.npy,gray,none,1.0,porosity__G336,True,pseudo_pending,train,512,512,38,453,69,460,256,data/processed/masks/porosity/porosity__G336.npy,45,0.000687,2,False,False
porosity__G339,porosity,data/raw/porosity/G339.jpg,data/processed/porosity/porosity__G339.npy,gray,none,1.0,porosity__G339,True,pseudo_pending,val,512,512,38,453,69,460,256,data/processed/masks/porosity/porosity__G339.npy,29,0.000443,2,False,False
porosity__G340,porosity,data/raw/porosity/G340.jpg,data/processed/porosity/porosity__G340.npy,gray,none,1.0,porosity__G340,True,pseudo_pending,train,512,512,38,453,69,460,256,data/processed/masks/porosity/porosity__G340.npy,166,0.002533,4,False,False
porosity__G341,porosity,data/raw/porosity/G341.jpg,data/processed/porosity/porosity__G341.npy,gray,none,1.0,porosity__G341,True,pseudo_pending,train,512,512,38,453,69,460,256,data/processed/masks/porosity/porosity__G341.npy,79,0.001205,2,False,False
porosity__G342,porosity,data/raw/porosity/G342.jpg,data/processed/porosity/porosity__G342.npy,gray,none,1.0,porosity__G342,True,pseudo_pending,train,512,512,38,453,69,460,256,data/processed/masks/porosity/porosity__G342.npy,75,0.001144,4,False,False
porosity__G343,porosity,data/raw/porosity/G343.jpg,data/processed/porosity/porosity__G343.npy,gray,none,1.0,porosity__G343,True,pseudo_pending,val,512,512,38,453,69,460,256,data/processed/masks/porosity/porosity__G343.npy,219,0.003342,5,False,False
porosity__G344,porosity,data/raw/porosity/G344.jpg,data/processed/porosity/porosity__G344.npy,gray,none,1.0,porosity__G344,True,pseudo_pending,train,512,512,38,453,69,460,256,data/processed/masks/porosity/porosity__G344.npy,38,0.00058,1,False,False
porosity__G345,porosity,data/raw/porosity/G345.jpg,data/processed/porosity/porosity__G345.npy,gray,none,1.0,porosity__G345,True,pseudo_pending,train,512,512,38,453,69,460,256,data/processed/masks/porosity/porosity__G345.npy,160,0.002441,7,False,False
porosity__G346,porosity,data/raw/porosity/G346.jpg,data/processed/porosity/porosity__G346.npy,gray,none,1.0,porosity__G346,True,pseudo_pending,train,512,512,38,453,69,460,256,data/processed/masks/porosity/porosity__G346.npy,133,0.002029,3,False,False
porosity__G349,porosity,data/raw/porosity/G349.jpg,data/processed/porosity/porosity__G349.npy,gray,none,1.0,porosity__G349,True,pseudo_pending,train,512,512,38,453,69,460,256,data/processed/masks/porosity/porosity__G349.npy,63,0.000961,2,False,False
porosity__G350,porosity,data/raw/porosity/G350.jpg,data/processed/porosity/porosity__G350.npy,gray,none,1.0,porosity__G350,True,pseudo_pending,test,512,512,38,453,69,460,256,data/processed/masks/porosity/porosity__G350.npy,56,0.000854,2,False,False
porosity__G351,porosity,data/raw/porosity/G351.jpg,data/processed/porosity/porosity__G351.npy,gray,none,1.0,porosity__G351,True,pseudo_pending,train,512,512,38,453,69,460,256,data/processed/masks/porosity/porosity__G351.npy,167,0.002548,8,False,False
porosity__G352,porosity,data/raw/porosity/G352.jpg,data/processed/porosity/porosity__G352.npy,gray,none,1.0,porosity__G352,True,pseudo_pending,train,512,512,38,453,69,460,256,data/processed/masks/porosity/porosity__G352.npy,118,0.001801,3,False,False
porosity__G353,porosity,data/raw/porosity/G353.jpg,data/processed/porosity/porosity__G353.npy,gray,none,1.0,porosity__G353,True,pseudo_pending,test,512,512,38,453,69,460,256,data/processed/masks/porosity/porosity__G353.npy,69,0.001053,1,False,False
porosity__G354,porosity,data/raw/porosity/G354.jpg,data/processed/porosity/porosity__G354.npy,gray,none,1.0,porosity__G354,True,pseudo_pending,test,512,512,38,453,69,460,256,data/processed/masks/porosity/porosity__G354.npy,62,0.000946,3,False,False
porosity__G355,porosity,data/raw/porosity/G355.jpg,data/processed/porosity/porosity__G355.npy,gray,none,1.0,porosity__G355,True,pseudo_pending,train,512,512,38,453,69,460,256,data/processed/masks/porosity/porosity__G355.npy,128,0.001953,3,False,False
porosity__G356,porosity,data/raw/porosity/G356.jpg,data/processed/porosity/porosity__G356.npy,gray,none,1.0,porosity__G356,True,pseudo_pending,train,512,512,38,453,69,460,256,data/processed/masks/porosity/porosity__G356.npy,32,0.000488,2,False,False
porosity__G359,porosity,data/raw/porosity/G359.jpg,data/processed/porosity/porosity__G359.npy,gray,none,1.0,porosity__G359,True,pseudo_pending,train,512,512,38,453,69,460,256,data/processed/masks/porosity/porosity__G359.npy,34,0.000519,2,False,False
porosity__G360,porosity,data/raw/porosity/G360.jpg,data/processed/porosity/porosity__G360.npy,gray,none,1.0,porosity__G360,True,pseudo_pending,train,512,512,38,453,69,460,256,data/processed/masks/porosity/porosity__G360.npy,127,0.001938,4,False,False
porosity__G361,porosity,data/raw/porosity/G361.jpg,data/processed/porosity/porosity__G361.npy,gray,none,1.0,porosity__G361,True,pseudo_pending,val,512,512,38,453,69,460,256,data/processed/masks/porosity/porosity__G361.npy,43,0.000656,1,False,False
porosity__G362,porosity,data/raw/porosity/G362.jpg,data/processed/porosity/porosity__G362.npy,gray,none,1.0,porosity__G362,True,pseudo_pending,val,512,512,38,453,69,460,256,data/processed/masks/porosity/porosity__G362.npy,42,0.000641,3,False,False
porosity__G363,porosity,data/raw/porosity/G363.jpg,data/processed/porosity/porosity__G363.npy,gray,none,1.0,porosity__G363,True,pseudo_pending,train,512,512,38,453,69,460,256,data/processed/masks/porosity/porosity__G363.npy,77,0.001175,2,False,False
porosity__G364,porosity,data/raw/porosity/G364.jpg,data/processed/porosity/porosity__G364.npy,gray,none,1.0,porosity__G364,True,pseudo_pending,train,512,512,38,453,69,460,256,data/processed/masks/porosity/porosity__G364.npy,52,0.000793,1,False,False
porosity__G365,porosity,data/raw/porosity/G365.jpg,data/processed/porosity/porosity__G365.npy,gray,none,1.0,porosity__G365,True,pseudo_pending,test,512,512,38,453,69,460,256,data/processed/masks/porosity/porosity__G365.npy,28,0.000427,2,False,False
porosity__G366,porosity,data/raw/porosity/G366.jpg,data/processed/porosity/porosity__G366.npy,gray,none,1.0,porosity__G366,True,pseudo_pending,val,512,512,38,453,69,460,256,data/processed/masks/porosity/porosity__G366.npy,41,0.000626,2,False,False
porosity__G369,porosity,data/raw/porosity/G369.jpg,data/processed/porosity/porosity__G369.npy,gray,none,1.0,porosity__G369,True,pseudo_pending,train,512,512,38,453,69,460,256,data/processed/masks/porosity/porosity__G369.npy,88,0.001343,4,False,False
porosity__G36_1,porosity,data/raw/porosity/G36_1.jpg,data/processed/porosity/porosity__G36_1.npy,gray,none,1.0,porosity__G36,True,pseudo_pending,val,512,512,40,453,69,460,256,data/processed/masks/porosity/porosity__G36_1.npy,232,0.00354,9,False,False
porosity__G36_2,porosity,data/raw/porosity/G36_2.jpg,data/processed/porosity/porosity__G36_2.npy,gray,none,1.0,porosity__G36,True,pseudo_pending,val,512,512,40,453,69,460,256,data/processed/masks/porosity/porosity__G36_2.npy,290,0.004425,4,False,False
porosity__G370,porosity,data/raw/porosity/G370.jpg,data/processed/porosity/porosity__G370.npy,gray,none,1.0,porosity__G370,True,pseudo_pending,train,512,512,38,453,69,460,256,data/processed/masks/porosity/porosity__G370.npy,44,0.000671,1,False,False
porosity__G371,porosity,data/raw/porosity/G371.jpg,data/processed/porosity/porosity__G371.npy,gray,none,1.0,porosity__G371,True,pseudo_pending,train,512,512,38,453,69,460,256,data/processed/masks/porosity/porosity__G371.npy,27,0.000412,2,False,False
porosity__G372,porosity,data/raw/porosity/G372.jpg,data/processed/porosity/porosity__G372.npy,gray,none,1.0,porosity__G372,True,pseudo_pending,val,512,512,38,453,69,460,256,data/processed/masks/porosity/porosity__G372.npy,41,0.000626,2,False,False
porosity__G373,porosity,data/raw/porosity/G373.jpg,data/processed/porosity/porosity__G373.npy,gray,none,1.0,porosity__G373,True,pseudo_pending,test,512,512,38,453,69,460,256,data/processed/masks/porosity/porosity__G373.npy,45,0.000687,2,False,False
porosity__G374,porosity,data/raw/porosity/G374.jpg,data/processed/porosity/porosity__G374.npy,gray,none,1.0,porosity__G374,True,pseudo_pending,train,512,512,38,453,69,460,256,data/processed/masks/porosity/porosity__G374.npy,125,0.001907,3,False,False
porosity__G375,porosity,data/raw/porosity/G375.jpg,data/processed/porosity/porosity__G375.npy,gray,none,1.0,porosity__G375,True,pseudo_pending,train,512,512,38,453,69,460,256,data/processed/masks/porosity/porosity__G375.npy,91,0.001389,1,False,False
porosity__G376,porosity,data/raw/porosity/G376.jpg,data/processed/porosity/porosity__G376.npy,gray,none,1.0,porosity__G376,True,pseudo_pending,val,512,512,38,453,69,460,256,data/processed/masks/porosity/porosity__G376.npy,44,0.000671,2,False,False
porosity__G379,porosity,data/raw/porosity/G379.jpg,data/processed/porosity/porosity__G379.npy,gray,none,1.0,porosity__G379,True,pseudo_pending,train,512,512,38,453,69,460,256,data/processed/masks/porosity/porosity__G379.npy,45,0.000687,2,False,False
porosity__G37_1,porosity,data/raw/porosity/G37_1.jpg,data/processed/porosity/porosity__G37_1.npy,gray,none,1.0,porosity__G37,True,pseudo_pending,train,512,512,40,453,69,460,256,data/processed/masks/porosity/porosity__G37_1.npy,82,0.001251,7,False,False
porosity__G37_2,porosity,data/raw/porosity/G37_2.jpg,data/processed/porosity/porosity__G37_2.npy,gray,none,1.0,porosity__G37,True,pseudo_pending,train,512,512,40,453,69,460,256,data/processed/masks/porosity/porosity__G37_2.npy,130,0.001984,4,False,False
porosity__G37_3,porosity,data/raw/porosity/G37_3.jpg,data/processed/porosity/porosity__G37_3.npy,gray,none,1.0,porosity__G37,True,pseudo_pending,train,512,512,40,453,69,460,256,data/processed/masks/porosity/porosity__G37_3.npy,52,0.000793,1,False,False
porosity__G380,porosity,data/raw/porosity/G380.jpg,data/processed/porosity/porosity__G380.npy,gray,none,1.0,porosity__G380,True,pseudo_pending,train,512,512,38,453,69,460,256,data/processed/masks/porosity/porosity__G380.npy,96,0.001465,2,False,False
porosity__G381,porosity,data/raw/porosity/G381.jpg,data/processed/porosity/porosity__G381.npy,gray,none,1.0,porosity__G381,True,pseudo_pending,train,512,512,38,453,69,460,256,data/processed/masks/porosity/porosity__G381.npy,67,0.001022,4,False,False
porosity__G382,porosity,data/raw/porosity/G382.jpg,data/processed/porosity/porosity__G382.npy,gray,none,1.0,porosity__G382,True,pseudo_pending,train,512,512,38,453,69,460,256,data/processed/masks/porosity/porosity__G382.npy,46,0.000702,4,False,False
porosity__G383,porosity,data/raw/porosity/G383.jpg,data/processed/porosity/porosity__G383.npy,gray,none,1.0,porosity__G383,True,pseudo_pending,train,512,512,38,453,69,460,256,data/processed/masks/porosity/porosity__G383.npy,33,0.000504,1,False,False
porosity__G384,porosity,data/raw/porosity/G384.jpg,data/processed/porosity/porosity__G384.npy,gray,none,1.0,porosity__G384,True,pseudo_pending,train,512,512,38,453,69,460,256,data/processed/masks/porosity/porosity__G384.npy,69,0.001053,2,False,False
porosity__G385,porosity,data/raw/porosity/G385.jpg,data/processed/porosity/porosity__G385.npy,gray,none,1.0,porosity__G385,True,pseudo_pending,train,512,512,38,453,69,460,256,data/processed/masks/porosity/porosity__G385.npy,52,0.000793,3,False,False
porosity__G386,porosity,data/raw/porosity/G386.jpg,data/processed/porosity/porosity__G386.npy,gray,none,1.0,porosity__G386,True,pseudo_pending,train,512,512,38,453,69,460,256,data/processed/masks/porosity/porosity__G386.npy,124,0.001892,3,False,False
porosity__G389,porosity,data/raw/porosity/G389.jpg,data/processed/porosity/porosity__G389.npy,gray,none,1.0,porosity__G389,True,pseudo_pending,train,512,512,38,453,69,460,256,data/processed/masks/porosity/porosity__G389.npy,145,0.002213,3,False,False
porosity__G38_1,porosity,data/raw/porosity/G38_1.jpg,data/processed/porosity/porosity__G38_1.npy,gray,none,1.0,porosity__G38,True,pseudo_pending,train,512,512,40,453,69,460,256,data/processed/masks/porosity/porosity__G38_1.npy,50,0.000763,6,False,False
porosity__G38_2,porosity,data/raw/porosity/G38_2.jpg,data/processed/porosity/porosity__G38_2.npy,gray,none,1.0,porosity__G38,True,pseudo_pending,train,512,512,40,453,69,460,256,data/processed/masks/porosity/porosity__G38_2.npy,297,0.004532,5,False,False
porosity__G38_3,porosity,data/raw/porosity/G38_3.jpg,data/processed/porosity/porosity__G38_3.npy,gray,none,1.0,porosity__G38,True,pseudo_pending,train,512,512,40,453,69,460,256,data/processed/masks/porosity/porosity__G38_3.npy,87,0.001328,2,False,False
porosity__G390,porosity,data/raw/porosity/G390.jpg,data/processed/porosity/porosity__G390.npy,gray,none,1.0,porosity__G390,True,pseudo_pending,test,512,512,38,453,69,460,256,data/processed/masks/porosity/porosity__G390.npy,134,0.002045,3,False,False
porosity__G391,porosity,data/raw/porosity/G391.jpg,data/processed/porosity/porosity__G391.npy,gray,none,1.0,porosity__G391,True,pseudo_pending,train,512,512,38,453,69,460,256,data/processed/masks/porosity/porosity__G391.npy,45,0.000687,4,False,False
porosity__G392,porosity,data/raw/porosity/G392.jpg,data/processed/porosity/porosity__G392.npy,gray,none,1.0,porosity__G392,True,pseudo_pending,train,512,512,38,453,69,460,256,data/processed/masks/porosity/porosity__G392.npy,40,0.00061,2,False,False
porosity__G393,porosity,data/raw/porosity/G393.jpg,data/processed/porosity/porosity__G393.npy,gray,none,1.0,porosity__G393,True,pseudo_pending,train,512,512,38,453,69,460,256,data/processed/masks/porosity/porosity__G393.npy,29,0.000443,2,False,False
porosity__G394,porosity,data/raw/porosity/G394.jpg,data/processed/porosity/porosity__G394.npy,gray,none,1.0,porosity__G394,True,pseudo_pending,train,512,512,38,453,69,460,256,data/processed/masks/porosity/porosity__G394.npy,46,0.000702,2,False,False
porosity__G395,porosity,data/raw/porosity/G395.jpg,data/processed/porosity/porosity__G395.npy,gray,none,1.0,porosity__G395,True,pseudo_pending,train,512,512,38,453,69,460,256,data/processed/masks/porosity/porosity__G395.npy,29,0.000443,1,False,False
porosity__G396,porosity,data/raw/porosity/G396.jpg,data/processed/porosity/porosity__G396.npy,gray,none,1.0,porosity__G396,True,pseudo_pending,train,512,512,38,453,69,460,256,data/processed/masks/porosity/porosity__G396.npy,92,0.001404,4,False,False
porosity__G399,porosity,data/raw/porosity/G399.jpg,data/processed/porosity/porosity__G399.npy,gray,none,1.0,porosity__G399,True,pseudo_pending,train,512,512,38,453,69,460,256,data/processed/masks/porosity/porosity__G399.npy,25,0.000381,2,False,False
porosity__G400,porosity,data/raw/porosity/G400.jpg,data/processed/porosity/porosity__G400.npy,gray,none,1.0,porosity__G400,True,pseudo_pending,train,512,512,38,453,69,460,256,data/processed/masks/porosity/porosity__G400.npy,85,0.001297,2,False,False
porosity__G401,porosity,data/raw/porosity/G401.jpg,data/processed/porosity/porosity__G401.npy,gray,none,1.0,porosity__G401,True,pseudo_pending,test,512,512,38,453,69,460,256,data/processed/masks/porosity/porosity__G401.npy,162,0.002472,4,False,False
porosity__G402,porosity,data/raw/porosity/G402.jpg,data/processed/porosity/porosity__G402.npy,gray,none,1.0,porosity__G402,True,pseudo_pending,train,512,512,38,453,69,460,256,data/processed/masks/porosity/porosity__G402.npy,81,0.001236,4,False,False
porosity__G403,porosity,data/raw/porosity/G403.jpg,data/processed/porosity/porosity__G403.npy,gray,none,1.0,porosity__G403,True,pseudo_pending,val,512,512,38,453,69,460,256,data/processed/masks/porosity/porosity__G403.npy,138,0.002106,3,False,False
porosity__G404,porosity,data/raw/porosity/G404.jpg,data/processed/porosity/porosity__G404.npy,gray,none,1.0,porosity__G404,True,pseudo_pending,train,512,512,38,453,69,460,256,data/processed/masks/porosity/porosity__G404.npy,218,0.003326,3,False,False
porosity__G405,porosity,data/raw/porosity/G405.jpg,data/processed/porosity/porosity__G405.npy,gray,none,1.0,porosity__G405,True,pseudo_pending,test,512,512,38,453,69,460,256,data/processed/masks/porosity/porosity__G405.npy,66,0.001007,3,False,False
porosity__G406,porosity,data/raw/porosity/G406.jpg,data/processed/porosity/porosity__G406.npy,gray,none,1.0,porosity__G406,True,pseudo_pending,test,512,512,38,453,69,460,256,data/processed/masks/porosity/porosity__G406.npy,189,0.002884,6,False,False
porosity__G409,porosity,data/raw/porosity/G409.jpg,data/processed/porosity/porosity__G409.npy,gray,none,1.0,porosity__G409,True,pseudo_pending,train,512,512,38,453,69,460,256,data/processed/masks/porosity/porosity__G409.npy,70,0.001068,3,False,False
porosity__G40_1,porosity,data/raw/porosity/G40_1.jpg,data/processed/porosity/porosity__G40_1.npy,gray,none,1.0,porosity__G40,True,pseudo_pending,train,512,512,40,453,69,460,256,data/processed/masks/porosity/porosity__G40_1.npy,135,0.00206,6,False,False
porosity__G40_2,porosity,data/raw/porosity/G40_2.jpg,data/processed/porosity/porosity__G40_2.npy,gray,none,1.0,porosity__G40,True,pseudo_pending,train,512,512,40,453,69,460,256,data/processed/masks/porosity/porosity__G40_2.npy,210,0.003204,3,False,False
porosity__G40_3,porosity,data/raw/porosity/G40_3.jpg,data/processed/porosity/porosity__G40_3.npy,gray,none,1.0,porosity__G40,True,pseudo_pending,train,512,512,40,453,69,460,256,data/processed/masks/porosity/porosity__G40_3.npy,179,0.002731,5,False,False
porosity__G410,porosity,data/raw/porosity/G410.jpg,data/processed/porosity/porosity__G410.npy,gray,none,1.0,porosity__G410,True,pseudo_pending,val,512,512,38,453,69,460,256,data/processed/masks/porosity/porosity__G410.npy,39,0.000595,1,False,False
porosity__G411,porosity,data/raw/porosity/G411.jpg,data/processed/porosity/porosity__G411.npy,gray,none,1.0,porosity__G411,True,pseudo_pending,train,512,512,38,453,69,460,256,data/processed/masks/porosity/porosity__G411.npy,44,0.000671,2,False,False
porosity__G412,porosity,data/raw/porosity/G412.jpg,data/processed/porosity/porosity__G412.npy,gray,none,1.0,porosity__G412,True,pseudo_pending,test,512,512,38,453,69,460,256,data/processed/masks/porosity/porosity__G412.npy,223,0.003403,6,False,False
porosity__G413,porosity,data/raw/porosity/G413.jpg,data/processed/porosity/porosity__G413.npy,gray,none,1.0,porosity__G413,True,pseudo_pending,train,512,512,38,453,69,460,256,data/processed/masks/porosity/porosity__G413.npy,155,0.002365,2,False,False
porosity__G414,porosity,data/raw/porosity/G414.jpg,data/processed/porosity/porosity__G414.npy,gray,none,1.0,porosity__G414,True,pseudo_pending,train,512,512,38,453,69,460,256,data/processed/masks/porosity/porosity__G414.npy,33,0.000504,1,False,False
porosity__G415,porosity,data/raw/porosity/G415.jpg,data/processed/porosity/porosity__G415.npy,gray,none,1.0,porosity__G415,True,pseudo_pending,train,512,512,38,453,69,460,256,data/processed/masks/porosity/porosity__G415.npy,92,0.001404,4,False,False
porosity__G416,porosity,data/raw/porosity/G416.jpg,data/processed/porosity/porosity__G416.npy,gray,none,1.0,porosity__G416,True,pseudo_pending,train,512,512,38,453,69,460,256,data/processed/masks/porosity/porosity__G416.npy,83,0.001266,1,False,False
porosity__G419,porosity,data/raw/porosity/G419.jpg,data/processed/porosity/porosity__G419.npy,gray,none,1.0,porosity__G419,True,pseudo_pending,train,512,512,38,453,69,460,256,data/processed/masks/porosity/porosity__G419.npy,101,0.001541,2,False,False
porosity__G420,porosity,data/raw/porosity/G420.jpg,data/processed/porosity/porosity__G420.npy,gray,none,1.0,porosity__G420,True,pseudo_pending,train,512,512,38,453,69,460,256,data/processed/masks/porosity/porosity__G420.npy,148,0.002258,1,False,False
porosity__G421,porosity,data/raw/porosity/G421.jpg,data/processed/porosity/porosity__G421.npy,gray,none,1.0,porosity__G421,True,pseudo_pending,train,512,512,38,453,69,460,256,data/processed/masks/porosity/porosity__G421.npy,69,0.001053,1,False,False
porosity__G422,porosity,data/raw/porosity/G422.jpg,data/processed/porosity/porosity__G422.npy,gray,none,1.0,porosity__G422,True,pseudo_pending,train,512,512,38,453,69,460,256,data/processed/masks/porosity/porosity__G422.npy,53,0.000809,2,False,False
porosity__G423,porosity,data/raw/porosity/G423.jpg,data/processed/porosity/porosity__G423.npy,gray,none,1.0,porosity__G423,True,pseudo_pending,train,512,512,38,453,69,460,256,data/processed/masks/porosity/porosity__G423.npy,264,0.004028,2,False,False
porosity__G424,porosity,data/raw/porosity/G424.jpg,data/processed/porosity/porosity__G424.npy,gray,none,1.0,porosity__G424,True,pseudo_pending,train,512,512,38,453,69,460,256,data/processed/masks/porosity/porosity__G424.npy,46,0.000702,1,False,False
porosity__G425,porosity,data/raw/porosity/G425.jpg,data/processed/porosity/porosity__G425.npy,gray,none,1.0,porosity__G425,True,pseudo_pending,train,512,512,38,453,69,460,256,data/processed/masks/porosity/porosity__G425.npy,71,0.001083,7,False,False
porosity__G426,porosity,data/raw/porosity/G426.jpg,data/processed/porosity/porosity__G426.npy,gray,none,1.0,porosity__G426,True,pseudo_pending,test,512,512,38,453,69,460,256,data/processed/masks/porosity/porosity__G426.npy,84,0.001282,1,False,False
porosity__G429,porosity,data/raw/porosity/G429.jpg,data/processed/porosity/porosity__G429.npy,gray,none,1.0,porosity__G429,True,pseudo_pending,train,512,512,38,453,69,460,256,data/processed/masks/porosity/porosity__G429.npy,133,0.002029,6,False,False
porosity__G430,porosity,data/raw/porosity/G430.jpg,data/processed/porosity/porosity__G430.npy,gray,none,1.0,porosity__G430,True,pseudo_pending,train,512,512,38,453,69,460,256,data/processed/masks/porosity/porosity__G430.npy,220,0.003357,4,False,False
porosity__G431,porosity,data/raw/porosity/G431.jpg,data/processed/porosity/porosity__G431.npy,gray,none,1.0,porosity__G431,True,pseudo_pending,test,512,512,38,453,69,460,256,data/processed/masks/porosity/porosity__G431.npy,138,0.002106,2,False,False
porosity__G432,porosity,data/raw/porosity/G432.jpg,data/processed/porosity/porosity__G432.npy,gray,none,1.0,porosity__G432,True,pseudo_pending,train,512,512,38,453,69,460,256,data/processed/masks/porosity/porosity__G432.npy,212,0.003235,4,False,False
porosity__G433,porosity,data/raw/porosity/G433.jpg,data/processed/porosity/porosity__G433.npy,gray,none,1.0,porosity__G433,True,pseudo_pending,train,512,512,38,453,69,460,256,data/processed/masks/porosity/porosity__G433.npy,16,0.000244,1,False,False
porosity__G434,porosity,data/raw/porosity/G434.jpg,data/processed/porosity/porosity__G434.npy,gray,none,1.0,porosity__G434,True,pseudo_pending,train,512,512,38,453,69,460,256,data/processed/masks/porosity/porosity__G434.npy,36,0.000549,1,False,False
porosity__G435,porosity,data/raw/porosity/G435.jpg,data/processed/porosity/porosity__G435.npy,gray,none,1.0,porosity__G435,True,pseudo_pending,val,512,512,38,453,69,451,256,data/processed/masks/porosity/porosity__G435.npy,1499,0.022873,11,False,False
porosity__G436,porosity,data/raw/porosity/G436.jpg,data/processed/porosity/porosity__G436.npy,gray,none,1.0,porosity__G436,True,pseudo_pending,val,512,512,38,453,69,460,256,data/processed/masks/porosity/porosity__G436.npy,24,0.000366,2,False,False
porosity__G439,porosity,data/raw/porosity/G439.jpg,data/processed/porosity/porosity__G439.npy,gray,none,1.0,porosity__G439,True,pseudo_pending,train,512,512,38,453,69,460,256,data/processed/masks/porosity/porosity__G439.npy,94,0.001434,7,False,False
porosity__G440,porosity,data/raw/porosity/G440.jpg,data/processed/porosity/porosity__G440.npy,gray,none,1.0,porosity__G440,True,pseudo_pending,val,512,512,38,453,69,460,256,data/processed/masks/porosity/porosity__G440.npy,194,0.00296,5,False,False
porosity__G441,porosity,data/raw/porosity/G441.jpg,data/processed/porosity/porosity__G441.npy,gray,none,1.0,porosity__G441,True,pseudo_pending,val,512,512,38,453,69,460,256,data/processed/masks/porosity/porosity__G441.npy,58,0.000885,2,False,False
porosity__G442,porosity,data/raw/porosity/G442.jpg,data/processed/porosity/porosity__G442.npy,gray,none,1.0,porosity__G442,True,pseudo_pending,train,512,512,38,453,69,460,256,data/processed/masks/porosity/porosity__G442.npy,35,0.000534,2,False,False
porosity__G443,porosity,data/raw/porosity/G443.jpg,data/processed/porosity/porosity__G443.npy,gray,none,1.0,porosity__G443,True,pseudo_pending,test,512,512,38,453,69,460,256,data/processed/masks/porosity/porosity__G443.npy,45,0.000687,2,False,False
porosity__G444,porosity,data/raw/porosity/G444.jpg,data/processed/porosity/porosity__G444.npy,gray,none,1.0,porosity__G444,True,pseudo_pending,train,512,512,38,453,69,460,256,data/processed/masks/porosity/porosity__G444.npy,36,0.000549,1,False,False
porosity__G445,porosity,data/raw/porosity/G445.jpg,data/processed/porosity/porosity__G445.npy,gray,none,1.0,porosity__G445,True,pseudo_pending,test,512,512,38,453,69,460,256,data/processed/masks/porosity/porosity__G445.npy,11,0.000168,1,False,False
porosity__G446,porosity,data/raw/porosity/G446.jpg,data/processed/porosity/porosity__G446.npy,gray,none,1.0,porosity__G446,True,pseudo_pending,train,512,512,38,453,69,460,256,data/processed/masks/porosity/porosity__G446.npy,91,0.001389,2,False,False
porosity__G449,porosity,data/raw/porosity/G449.jpg,data/processed/porosity/porosity__G449.npy,gray,none,1.0,porosity__G449,True,pseudo_pending,train,512,512,38,453,69,460,256,data/processed/masks/porosity/porosity__G449.npy,18,0.000275,2,False,False
porosity__G450,porosity,data/raw/porosity/G450.jpg,data/processed/porosity/porosity__G450.npy,gray,none,1.0,porosity__G450,True,pseudo_pending,train,512,512,38,453,69,460,256,data/processed/masks/porosity/porosity__G450.npy,26,0.000397,1,False,False
porosity__G451,porosity,data/raw/porosity/G451.jpg,data/processed/porosity/porosity__G451.npy,gray,none,1.0,porosity__G451,True,pseudo_pending,train,512,512,38,453,69,460,256,data/processed/masks/porosity/porosity__G451.npy,33,0.000504,1,False,False
porosity__G452,porosity,data/raw/porosity/G452.jpg,data/processed/porosity/porosity__G452.npy,gray,none,1.0,porosity__G452,True,pseudo_pending,train,512,512,38,453,69,460,256,data/processed/masks/porosity/porosity__G452.npy,58,0.000885,3,False,False
porosity__G453,porosity,data/raw/porosity/G453.jpg,data/processed/porosity/porosity__G453.npy,gray,none,1.0,porosity__G453,True,pseudo_pending,train,512,512,38,453,69,460,256,data/processed/masks/porosity/porosity__G453.npy,41,0.000626,1,False,False
porosity__G454,porosity,data/raw/porosity/G454.jpg,data/processed/porosity/porosity__G454.npy,gray,none,1.0,porosity__G454,True,pseudo_pending,test,512,512,38,453,69,460,256,data/processed/masks/porosity/porosity__G454.npy,51,0.000778,2,False,False
porosity__G455,porosity,data/raw/porosity/G455.jpg,data/processed/porosity/porosity__G455.npy,gray,none,1.0,porosity__G455,True,pseudo_pending,train,512,512,38,453,69,460,256,data/processed/masks/porosity/porosity__G455.npy,38,0.00058,2,False,False
porosity__G456,porosity,data/raw/porosity/G456.jpg,data/processed/porosity/porosity__G456.npy,gray,none,1.0,porosity__G456,True,pseudo_pending,train,512,512,38,453,69,460,256,data/processed/masks/porosity/porosity__G456.npy,175,0.00267,6,False,False
porosity__G459,porosity,data/raw/porosity/G459.jpg,data/processed/porosity/porosity__G459.npy,gray,none,1.0,porosity__G459,True,pseudo_pending,train,512,512,38,453,69,460,256,data/processed/masks/porosity/porosity__G459.npy,136,0.002075,2,False,False
porosity__G460,porosity,data/raw/porosity/G460.jpg,data/processed/porosity/porosity__G460.npy,gray,none,1.0,porosity__G460,True,pseudo_pending,train,512,512,38,453,69,460,256,data/processed/masks/porosity/porosity__G460.npy,73,0.001114,2,False,False
porosity__G461,porosity,data/raw/porosity/G461.jpg,data/processed/porosity/porosity__G461.npy,gray,none,1.0,porosity__G461,True,pseudo_pending,train,512,512,38,453,69,460,256,data/processed/masks/porosity/porosity__G461.npy,73,0.001114,4,False,False
porosity__G462,porosity,data/raw/porosity/G462.jpg,data/processed/porosity/porosity__G462.npy,gray,none,1.0,porosity__G462,True,pseudo_pending,train,512,512,38,453,69,460,256,data/processed/masks/porosity/porosity__G462.npy,216,0.003296,6,False,False
porosity__G463,porosity,data/raw/porosity/G463.jpg,data/processed/porosity/porosity__G463.npy,gray,none,1.0,porosity__G463,True,pseudo_pending,train,512,512,38,453,69,460,256,data/processed/masks/porosity/porosity__G463.npy,52,0.000793,1,False,False
porosity__G464,porosity,data/raw/porosity/G464.jpg,data/processed/porosity/porosity__G464.npy,gray,none,1.0,porosity__G464,True,pseudo_pending,train,512,512,38,453,69,460,256,data/processed/masks/porosity/porosity__G464.npy,43,0.000656,4,False,False
porosity__G465,porosity,data/raw/porosity/G465.jpg,data/processed/porosity/porosity__G465.npy,gray,none,1.0,porosity__G465,True,pseudo_pending,test,512,512,38,453,69,460,256,data/processed/masks/porosity/porosity__G465.npy,102,0.001556,4,False,False
porosity__G466,porosity,data/raw/porosity/G466.jpg,data/processed/porosity/porosity__G466.npy,gray,none,1.0,porosity__G466,True,pseudo_pending,train,512,512,38,453,69,460,256,data/processed/masks/porosity/porosity__G466.npy,37,0.000565,1,False,False
porosity__G469,porosity,data/raw/porosity/G469.jpg,data/processed/porosity/porosity__G469.npy,gray,none,1.0,porosity__G469,True,pseudo_pending,train,512,512,38,453,69,460,256,data/processed/masks/porosity/porosity__G469.npy,46,0.000702,2,False,False
porosity__G470,porosity,data/raw/porosity/G470.jpg,data/processed/porosity/porosity__G470.npy,gray,none,1.0,porosity__G470,True,pseudo_pending,val,512,512,38,453,69,460,256,data/processed/masks/porosity/porosity__G470.npy,12,0.000183,1,False,False
porosity__G471,porosity,data/raw/porosity/G471.jpg,data/processed/porosity/porosity__G471.npy,gray,none,1.0,porosity__G471,True,pseudo_pending,train,512,512,38,453,69,460,256,data/processed/masks/porosity/porosity__G471.npy,72,0.001099,3,False,False
porosity__G472,porosity,data/raw/porosity/G472.jpg,data/processed/porosity/porosity__G472.npy,gray,none,1.0,porosity__G472,True,pseudo_pending,train,512,512,38,453,69,460,256,data/processed/masks/porosity/porosity__G472.npy,25,0.000381,1,False,False
porosity__G473,porosity,data/raw/porosity/G473.jpg,data/processed/porosity/porosity__G473.npy,gray,none,1.0,porosity__G473,True,pseudo_pending,val,512,512,38,453,69,460,256,data/processed/masks/porosity/porosity__G473.npy,77,0.001175,8,False,False
porosity__G474,porosity,data/raw/porosity/G474.jpg,data/processed/porosity/porosity__G474.npy,gray,none,1.0,porosity__G474,True,pseudo_pending,train,512,512,38,453,69,460,256,data/processed/masks/porosity/porosity__G474.npy,229,0.003494,8,False,False
porosity__G475,porosity,data/raw/porosity/G475.jpg,data/processed/porosity/porosity__G475.npy,gray,none,1.0,porosity__G475,True,pseudo_pending,train,512,512,38,453,69,460,256,data/processed/masks/porosity/porosity__G475.npy,57,0.00087,3,False,False
porosity__G476,porosity,data/raw/porosity/G476.jpg,data/processed/porosity/porosity__G476.npy,gray,none,1.0,porosity__G476,True,pseudo_pending,train,512,512,38,453,69,460,256,data/processed/masks/porosity/porosity__G476.npy,50,0.000763,1,False,False
porosity__G479,porosity,data/raw/porosity/G479.jpg,data/processed/porosity/porosity__G479.npy,gray,none,1.0,porosity__G479,True,pseudo_pending,val,512,512,38,453,69,460,256,data/processed/masks/porosity/porosity__G479.npy,18,0.000275,1,False,False
porosity__G480,porosity,data/raw/porosity/G480.jpg,data/processed/porosity/porosity__G480.npy,gray,none,1.0,porosity__G480,True,pseudo_pending,train,512,512,38,453,69,460,256,data/processed/masks/porosity/porosity__G480.npy,98,0.001495,6,False,False
porosity__G481,porosity,data/raw/porosity/G481.jpg,data/processed/porosity/porosity__G481.npy,gray,none,1.0,porosity__G481,True,pseudo_pending,val,512,512,38,453,69,460,256,data/processed/masks/porosity/porosity__G481.npy,24,0.000366,3,False,False
porosity__G482,porosity,data/raw/porosity/G482.jpg,data/processed/porosity/porosity__G482.npy,gray,none,1.0,porosity__G482,True,pseudo_pending,test,512,512,38,453,69,460,256,data/processed/masks/porosity/porosity__G482.npy,29,0.000443,1,False,False
porosity__G483,porosity,data/raw/porosity/G483.jpg,data/processed/porosity/porosity__G483.npy,gray,none,1.0,porosity__G483,True,pseudo_pending,train,512,512,38,453,69,460,256,data/processed/masks/porosity/porosity__G483.npy,66,0.001007,4,False,False
porosity__G484,porosity,data/raw/porosity/G484.jpg,data/processed/porosity/porosity__G484.npy,gray,none,1.0,porosity__G484,True,pseudo_pending,val,512,512,38,453,69,460,256,data/processed/masks/porosity/porosity__G484.npy,34,0.000519,2,False,False
porosity__G485,porosity,data/raw/porosity/G485.jpg,data/processed/porosity/porosity__G485.npy,gray,none,1.0,porosity__G485,True,pseudo_pending,test,512,512,38,453,69,460,256,data/processed/masks/porosity/porosity__G485.npy,38,0.00058,3,False,False
porosity__G486,porosity,data/raw/porosity/G486.jpg,data/processed/porosity/porosity__G486.npy,gray,none,1.0,porosity__G486,True,pseudo_pending,test,512,512,38,453,69,460,256,data/processed/masks/porosity/porosity__G486.npy,25,0.000381,1,False,False
porosity__G489,porosity,data/raw/porosity/G489.jpg,data/processed/porosity/porosity__G489.npy,gray,none,1.0,porosity__G489,True,pseudo_pending,test,512,512,38,453,69,460,256,data/processed/masks/porosity/porosity__G489.npy,46,0.000702,2,False,False
porosity__G490,porosity,data/raw/porosity/G490.jpg,data/processed/porosity/porosity__G490.npy,gray,none,1.0,porosity__G490,True,pseudo_pending,train,512,512,38,453,69,460,256,data/processed/masks/porosity/porosity__G490.npy,176,0.002686,10,False,False
porosity__G491,porosity,data/raw/porosity/G491.jpg,data/processed/porosity/porosity__G491.npy,gray,none,1.0,porosity__G491,True,pseudo_pending,train,512,512,38,453,69,460,256,data/processed/masks/porosity/porosity__G491.npy,271,0.004135,3,False,False
porosity__G492,porosity,data/raw/porosity/G492.jpg,data/processed/porosity/porosity__G492.npy,gray,none,1.0,porosity__G492,True,pseudo_pending,test,512,512,38,453,69,460,256,data/processed/masks/porosity/porosity__G492.npy,61,0.000931,1,False,False
porosity__G493,porosity,data/raw/porosity/G493.jpg,data/processed/porosity/porosity__G493.npy,gray,none,1.0,porosity__G493,True,pseudo_pending,train,512,512,38,453,69,460,256,data/processed/masks/porosity/porosity__G493.npy,23,0.000351,2,False,False
porosity__G494,porosity,data/raw/porosity/G494.jpg,data/processed/porosity/porosity__G494.npy,gray,none,1.0,porosity__G494,True,pseudo_pending,train,512,512,38,453,69,460,256,data/processed/masks/porosity/porosity__G494.npy,72,0.001099,2,False,False
porosity__G495,porosity,data/raw/porosity/G495.jpg,data/processed/porosity/porosity__G495.npy,gray,none,1.0,porosity__G495,True,pseudo_pending,val,512,512,38,453,69,460,256,data/processed/masks/porosity/porosity__G495.npy,36,0.000549,3,False,False
porosity__G496,porosity,data/raw/porosity/G496.jpg,data/processed/porosity/porosity__G496.npy,gray,none,1.0,porosity__G496,True,pseudo_pending,train,512,512,38,453,69,460,256,data/processed/masks/porosity/porosity__G496.npy,56,0.000854,6,False,False
porosity__G499,porosity,data/raw/porosity/G499.jpg,data/processed/porosity/porosity__G499.npy,gray,none,1.0,porosity__G499,True,pseudo_pending,train,512,512,38,453,69,460,256,data/processed/masks/porosity/porosity__G499.npy,27,0.000412,2,False,False
porosity__G49_1,porosity,data/raw/porosity/G49_1.jpg,data/processed/porosity/porosity__G49_1.npy,gray,none,1.0,porosity__G49,True,pseudo_pending,train,512,512,40,453,69,460,256,data/processed/masks/porosity/porosity__G49_1.npy,151,0.002304,11,False,False
porosity__G49_2,porosity,data/raw/porosity/G49_2.jpg,data/processed/porosity/porosity__G49_2.npy,gray,none,1.0,porosity__G49,True,pseudo_pending,train,512,512,40,453,69,460,256,data/processed/masks/porosity/porosity__G49_2.npy,345,0.005264,8,False,False
porosity__G49_3,porosity,data/raw/porosity/G49_3.jpg,data/processed/porosity/porosity__G49_3.npy,gray,none,1.0,porosity__G49,True,pseudo_pending,train,512,512,40,453,69,460,256,data/processed/masks/porosity/porosity__G49_3.npy,399,0.006088,5,False,False
porosity__G4_1,porosity,data/raw/porosity/G4_1.jpg,data/processed/porosity/porosity__G4_1.npy,gray,none,1.0,porosity__G4,True,pseudo_pending,train,512,512,40,453,69,460,256,data/processed/masks/porosity/porosity__G4_1.npy,146,0.002228,8,False,False
porosity__G4_2,porosity,data/raw/porosity/G4_2.jpg,data/processed/porosity/porosity__G4_2.npy,gray,none,1.0,porosity__G4,True,pseudo_pending,train,512,512,40,453,69,460,256,data/processed/masks/porosity/porosity__G4_2.npy,131,0.001999,2,False,False
porosity__G4_3,porosity,data/raw/porosity/G4_3.jpg,data/processed/porosity/porosity__G4_3.npy,gray,none,1.0,porosity__G4,True,pseudo_pending,train,512,512,40,453,69,460,256,data/processed/masks/porosity/porosity__G4_3.npy,115,0.001755,3,False,False
porosity__G500,porosity,data/raw/porosity/G500.jpg,data/processed/porosity/porosity__G500.npy,gray,none,1.0,porosity__G500,True,pseudo_pending,train,512,512,38,453,69,460,256,data/processed/masks/porosity/porosity__G500.npy,67,0.001022,3,False,False
porosity__G501,porosity,data/raw/porosity/G501.jpg,data/processed/porosity/porosity__G501.npy,gray,none,1.0,porosity__G501,True,pseudo_pending,train,512,512,38,453,69,460,256,data/processed/masks/porosity/porosity__G501.npy,68,0.001038,4,False,False
porosity__G502,porosity,data/raw/porosity/G502.jpg,data/processed/porosity/porosity__G502.npy,gray,none,1.0,porosity__G502,True,pseudo_pending,train,512,512,38,453,69,460,256,data/processed/masks/porosity/porosity__G502.npy,17,0.000259,1,False,False
porosity__G503,porosity,data/raw/porosity/G503.jpg,data/processed/porosity/porosity__G503.npy,gray,none,1.0,porosity__G503,True,pseudo_pending,val,512,512,38,453,69,460,256,data/processed/masks/porosity/porosity__G503.npy,18,0.000275,1,False,False
porosity__G504,porosity,data/raw/porosity/G504.jpg,data/processed/porosity/porosity__G504.npy,gray,none,1.0,porosity__G504,True,pseudo_pending,train,512,512,38,453,69,460,256,data/processed/masks/porosity/porosity__G504.npy,30,0.000458,1,False,False
porosity__G505,porosity,data/raw/porosity/G505.jpg,data/processed/porosity/porosity__G505.npy,gray,none,1.0,porosity__G505,True,pseudo_pending,train,512,512,38,453,69,460,256,data/processed/masks/porosity/porosity__G505.npy,30,0.000458,2,False,False
porosity__G506,porosity,data/raw/porosity/G506.jpg,data/processed/porosity/porosity__G506.npy,gray,none,1.0,porosity__G506,True,pseudo_pending,train,512,512,38,453,69,460,256,data/processed/masks/porosity/porosity__G506.npy,111,0.001694,4,False,False
porosity__G509,porosity,data/raw/porosity/G509.jpg,data/processed/porosity/porosity__G509.npy,gray,none,1.0,porosity__G509,True,pseudo_pending,train,512,512,38,453,69,460,256,data/processed/masks/porosity/porosity__G509.npy,242,0.003693,7,False,False
porosity__G50_1,porosity,data/raw/porosity/G50_1.jpg,data/processed/porosity/porosity__G50_1.npy,gray,none,1.0,porosity__G50,True,pseudo_pending,train,512,512,40,453,69,460,256,data/processed/masks/porosity/porosity__G50_1.npy,200,0.003052,4,False,False
porosity__G50_2,porosity,data/raw/porosity/G50_2.jpg,data/processed/porosity/porosity__G50_2.npy,gray,none,1.0,porosity__G50,True,pseudo_pending,train,512,512,40,453,69,460,256,data/processed/masks/porosity/porosity__G50_2.npy,180,0.002747,4,False,False
porosity__G510,porosity,data/raw/porosity/G510.jpg,data/processed/porosity/porosity__G510.npy,gray,none,1.0,porosity__G510,True,pseudo_pending,train,512,512,38,453,69,460,256,data/processed/masks/porosity/porosity__G510.npy,65,0.000992,2,False,False
porosity__G511,porosity,data/raw/porosity/G511.jpg,data/processed/porosity/porosity__G511.npy,gray,none,1.0,porosity__G511,True,pseudo_pending,train,512,512,38,453,69,460,256,data/processed/masks/porosity/porosity__G511.npy,70,0.001068,7,False,False
porosity__G512,porosity,data/raw/porosity/G512.jpg,data/processed/porosity/porosity__G512.npy,gray,none,1.0,porosity__G512,True,pseudo_pending,test,512,512,38,453,69,460,256,data/processed/masks/porosity/porosity__G512.npy,169,0.002579,2,False,False
porosity__G513,porosity,data/raw/porosity/G513.jpg,data/processed/porosity/porosity__G513.npy,gray,none,1.0,porosity__G513,True,pseudo_pending,train,512,512,38,453,69,460,256,data/processed/masks/porosity/porosity__G513.npy,206,0.003143,3,False,False
porosity__G514,porosity,data/raw/porosity/G514.jpg,data/processed/porosity/porosity__G514.npy,gray,none,1.0,porosity__G514,True,pseudo_pending,train,512,512,38,453,69,460,256,data/processed/masks/porosity/porosity__G514.npy,113,0.001724,6,False,False
porosity__G515,porosity,data/raw/porosity/G515.jpg,data/processed/porosity/porosity__G515.npy,gray,none,1.0,porosity__G515,True,pseudo_pending,test,512,512,38,453,69,460,256,data/processed/masks/porosity/porosity__G515.npy,256,0.003906,7,False,False
porosity__G516,porosity,data/raw/porosity/G516.jpg,data/processed/porosity/porosity__G516.npy,gray,none,1.0,porosity__G516,True,pseudo_pending,train,512,512,38,453,69,460,256,data/processed/masks/porosity/porosity__G516.npy,58,0.000885,2,False,False
porosity__G519,porosity,data/raw/porosity/G519.jpg,data/processed/porosity/porosity__G519.npy,gray,none,1.0,porosity__G519,True,pseudo_pending,train,512,512,38,453,69,460,256,data/processed/masks/porosity/porosity__G519.npy,17,0.000259,1,False,False
porosity__G51_1,porosity,data/raw/porosity/G51_1.jpg,data/processed/porosity/porosity__G51_1.npy,gray,none,1.0,porosity__G51,True,pseudo_pending,train,512,512,40,453,69,460,256,data/processed/masks/porosity/porosity__G51_1.npy,186,0.002838,8,False,False
porosity__G51_2,porosity,data/raw/porosity/G51_2.jpg,data/processed/porosity/porosity__G51_2.npy,gray,none,1.0,porosity__G51,True,pseudo_pending,train,512,512,40,453,69,460,256,data/processed/masks/porosity/porosity__G51_2.npy,152,0.002319,2,False,False
porosity__G51_3,porosity,data/raw/porosity/G51_3.jpg,data/processed/porosity/porosity__G51_3.npy,gray,none,1.0,porosity__G51,True,pseudo_pending,train,512,512,40,453,69,460,256,data/processed/masks/porosity/porosity__G51_3.npy,77,0.001175,2,False,False
porosity__G520,porosity,data/raw/porosity/G520.jpg,data/processed/porosity/porosity__G520.npy,gray,none,1.0,porosity__G520,True,pseudo_pending,train,512,512,38,453,69,460,256,data/processed/masks/porosity/porosity__G520.npy,72,0.001099,6,False,False
porosity__G521,porosity,data/raw/porosity/G521.jpg,data/processed/porosity/porosity__G521.npy,gray,none,1.0,porosity__G521,True,pseudo_pending,train,512,512,38,453,69,460,256,data/processed/masks/porosity/porosity__G521.npy,64,0.000977,3,False,False
porosity__G522,porosity,data/raw/porosity/G522.jpg,data/processed/porosity/porosity__G522.npy,gray,none,1.0,porosity__G522,True,pseudo_pending,train,512,512,38,453,69,460,256,data/processed/masks/porosity/porosity__G522.npy,41,0.000626,1,False,False
porosity__G523,porosity,data/raw/porosity/G523.jpg,data/processed/porosity/porosity__G523.npy,gray,none,1.0,porosity__G523,True,pseudo_pending,train,512,512,38,453,69,460,256,data/processed/masks/porosity/porosity__G523.npy,91,0.001389,4,False,False
porosity__G524,porosity,data/raw/porosity/G524.jpg,data/processed/porosity/porosity__G524.npy,gray,none,1.0,porosity__G524,True,pseudo_pending,train,512,512,38,453,69,460,256,data/processed/masks/porosity/porosity__G524.npy,141,0.002151,3,False,False
porosity__G525,porosity,data/raw/porosity/G525.jpg,data/processed/porosity/porosity__G525.npy,gray,none,1.0,porosity__G525,True,pseudo_pending,val,512,512,38,453,69,460,256,data/processed/masks/porosity/porosity__G525.npy,98,0.001495,3,False,False
porosity__G52_1,porosity,data/raw/porosity/G52_1.jpg,data/processed/porosity/porosity__G52_1.npy,gray,none,1.0,porosity__G52,True,pseudo_pending,train,512,512,40,453,69,460,256,data/processed/masks/porosity/porosity__G52_1.npy,22,0.000336,1,False,False
porosity__G52_2,porosity,data/raw/porosity/G52_2.jpg,data/processed/porosity/porosity__G52_2.npy,gray,none,1.0,porosity__G52,True,pseudo_pending,train,512,512,40,453,69,460,256,data/processed/masks/porosity/porosity__G52_2.npy,47,0.000717,1,False,False
porosity__G52_3,porosity,data/raw/porosity/G52_3.jpg,data/processed/porosity/porosity__G52_3.npy,gray,none,1.0,porosity__G52,True,pseudo_pending,train,512,512,40,453,69,460,256,data/processed/masks/porosity/porosity__G52_3.npy,122,0.001862,3,False,False
porosity__G5_1,porosity,data/raw/porosity/G5_1.jpg,data/processed/porosity/porosity__G5_1.npy,gray,none,1.0,porosity__G5,True,pseudo_pending,train,512,512,40,453,69,460,256,data/processed/masks/porosity/porosity__G5_1.npy,213,0.00325,11,False,False
porosity__G5_2,porosity,data/raw/porosity/G5_2.jpg,data/processed/porosity/porosity__G5_2.npy,gray,none,1.0,porosity__G5,True,pseudo_pending,train,512,512,40,453,69,460,256,data/processed/masks/porosity/porosity__G5_2.npy,424,0.00647,5,False,False
porosity__G5_3,porosity,data/raw/porosity/G5_3.jpg,data/processed/porosity/porosity__G5_3.npy,gray,none,1.0,porosity__G5,True,pseudo_pending,train,512,512,40,453,69,460,256,data/processed/masks/porosity/porosity__G5_3.npy,126,0.001923,4,False,False
porosity__G64_1,porosity,data/raw/porosity/G64_1.jpg,data/processed/porosity/porosity__G64_1.npy,gray,none,1.0,porosity__G64,True,pseudo_pending,train,512,512,40,453,69,460,256,data/processed/masks/porosity/porosity__G64_1.npy,43,0.000656,4,False,False
porosity__G64_2,porosity,data/raw/porosity/G64_2.jpg,data/processed/porosity/porosity__G64_2.npy,gray,none,1.0,porosity__G64,True,pseudo_pending,train,512,512,40,453,69,460,256,data/processed/masks/porosity/porosity__G64_2.npy,166,0.002533,3,False,False
porosity__G64_3,porosity,data/raw/porosity/G64_3.jpg,data/processed/porosity/porosity__G64_3.npy,gray,none,1.0,porosity__G64,True,pseudo_pending,train,512,512,40,453,69,460,256,data/processed/masks/porosity/porosity__G64_3.npy,152,0.002319,6,False,False
porosity__G6_1,porosity,data/raw/porosity/G6_1.jpg,data/processed/porosity/porosity__G6_1.npy,gray,none,1.0,porosity__G6,True,pseudo_pending,test,512,512,40,453,69,460,256,data/processed/masks/porosity/porosity__G6_1.npy,164,0.002502,10,False,False
porosity__G6_2,porosity,data/raw/porosity/G6_2.jpg,data/processed/porosity/porosity__G6_2.npy,gray,none,1.0,porosity__G6,True,pseudo_pending,test,512,512,40,453,69,460,256,data/processed/masks/porosity/porosity__G6_2.npy,71,0.001083,1,False,False
porosity__G6_3,porosity,data/raw/porosity/G6_3.jpg,data/processed/porosity/porosity__G6_3.npy,gray,none,1.0,porosity__G6,True,pseudo_pending,test,512,512,40,453,69,460,256,data/processed/masks/porosity/porosity__G6_3.npy,381,0.005814,8,False,False
porosity__G73_1,porosity,data/raw/porosity/G73_1.jpg,data/processed/porosity/porosity__G73_1.npy,gray,none,1.0,porosity__G73,True,pseudo_pending,val,512,512,40,453,69,460,256,data/processed/masks/porosity/porosity__G73_1.npy,179,0.002731,10,False,False
porosity__G73_2,porosity,data/raw/porosity/G73_2.jpg,data/processed/porosity/porosity__G73_2.npy,gray,none,1.0,porosity__G73,True,pseudo_pending,val,512,512,40,453,69,460,256,data/processed/masks/porosity/porosity__G73_2.npy,360,0.005493,8,False,False
porosity__G73_3,porosity,data/raw/porosity/G73_3.jpg,data/processed/porosity/porosity__G73_3.npy,gray,none,1.0,porosity__G73,True,pseudo_pending,val,512,512,40,453,69,460,256,data/processed/masks/porosity/porosity__G73_3.npy,77,0.001175,1,False,False
porosity__G74_1,porosity,data/raw/porosity/G74_1.jpg,data/processed/porosity/porosity__G74_1.npy,gray,none,1.0,porosity__G74,True,pseudo_pending,test,512,512,40,453,69,460,256,data/processed/masks/porosity/porosity__G74_1.npy,165,0.002518,9,False,False
porosity__G74_2,porosity,data/raw/porosity/G74_2.jpg,data/processed/porosity/porosity__G74_2.npy,gray,none,1.0,porosity__G74,True,pseudo_pending,test,512,512,40,453,69,460,256,data/processed/masks/porosity/porosity__G74_2.npy,351,0.005356,9,False,False
porosity__G75_1,porosity,data/raw/porosity/G75_1.jpg,data/processed/porosity/porosity__G75_1.npy,gray,none,1.0,porosity__G75,True,pseudo_pending,train,512,512,40,453,69,460,256,data/processed/masks/porosity/porosity__G75_1.npy,70,0.001068,6,False,False
porosity__G75_2,porosity,data/raw/porosity/G75_2.jpg,data/processed/porosity/porosity__G75_2.npy,gray,none,1.0,porosity__G75,True,pseudo_pending,train,512,512,40,453,69,460,256,data/processed/masks/porosity/porosity__G75_2.npy,312,0.004761,6,False,False
porosity__G75_3,porosity,data/raw/porosity/G75_3.jpg,data/processed/porosity/porosity__G75_3.npy,gray,none,1.0,porosity__G75,True,pseudo_pending,train,512,512,40,453,69,460,256,data/processed/masks/porosity/porosity__G75_3.npy,109,0.001663,4,False,False
porosity__G76_1,porosity,data/raw/porosity/G76_1.jpg,data/processed/porosity/porosity__G76_1.npy,gray,none,1.0,porosity__G76,True,pseudo_pending,val,512,512,40,453,69,460,256,data/processed/masks/porosity/porosity__G76_1.npy,90,0.001373,8,False,False
porosity__G76_2,porosity,data/raw/porosity/G76_2.jpg,data/processed/porosity/porosity__G76_2.npy,gray,none,1.0,porosity__G76,True,pseudo_pending,val,512,512,40,453,69,460,256,data/processed/masks/porosity/porosity__G76_2.npy,188,0.002869,6,False,False
porosity__G76_3,porosity,data/raw/porosity/G76_3.jpg,data/processed/porosity/porosity__G76_3.npy,gray,none,1.0,porosity__G76,True,pseudo_pending,val,512,512,40,453,69,460,256,data/processed/masks/porosity/porosity__G76_3.npy,72,0.001099,2,False,False
porosity__G78_1,porosity,data/raw/porosity/G78_1.jpg,data/processed/porosity/porosity__G78_1.npy,gray,none,1.0,porosity__G78,True,pseudo_pending,val,512,512,40,453,69,460,256,data/processed/masks/porosity/porosity__G78_1.npy,44,0.000671,4,False,False
porosity__G78_2,porosity,data/raw/porosity/G78_2.jpg,data/processed/porosity/porosity__G78_2.npy,gray,none,1.0,porosity__G78,True,pseudo_pending,val,512,512,40,453,69,460,256,data/processed/masks/porosity/porosity__G78_2.npy,115,0.001755,2,False,False
porosity__G78_3,porosity,data/raw/porosity/G78_3.jpg,data/processed/porosity/porosity__G78_3.npy,gray,none,1.0,porosity__G78,True,pseudo_pending,val,512,512,40,453,69,460,256,data/processed/masks/porosity/porosity__G78_3.npy,55,0.000839,1,False,False
porosity__G79_1,porosity,data/raw/porosity/G79_1.jpg,data/processed/porosity/porosity__G79_1.npy,gray,none,1.0,porosity__G79,True,pseudo_pending,val,512,512,40,453,69,460,256,data/processed/masks/porosity/porosity__G79_1.npy,135,0.00206,5,False,False
porosity__G79_2,porosity,data/raw/porosity/G79_2.jpg,data/processed/porosity/porosity__G79_2.npy,gray,none,1.0,porosity__G79,True,pseudo_pending,val,512,512,40,453,69,460,256,data/processed/masks/porosity/porosity__G79_2.npy,385,0.005875,5,False,False
porosity__G80_1,porosity,data/raw/porosity/G80_1.jpg,data/processed/porosity/porosity__G80_1.npy,gray,none,1.0,porosity__G80,True,pseudo_pending,train,512,512,40,453,69,460,256,data/processed/masks/porosity/porosity__G80_1.npy,127,0.001938,7,False,False
porosity__G80_2,porosity,data/raw/porosity/G80_2.jpg,data/processed/porosity/porosity__G80_2.npy,gray,none,1.0,porosity__G80,True,pseudo_pending,train,512,512,40,453,69,460,256,data/processed/masks/porosity/porosity__G80_2.npy,84,0.001282,1,False,False
porosity__G80_3,porosity,data/raw/porosity/G80_3.jpg,data/processed/porosity/porosity__G80_3.npy,gray,none,1.0,porosity__G80,True,pseudo_pending,train,512,512,40,453,69,460,256,data/processed/masks/porosity/porosity__G80_3.npy,161,0.002457,2,False,False
porosity__G81_1,porosity,data/raw/porosity/G81_1.jpg,data/processed/porosity/porosity__G81_1.npy,gray,none,1.0,porosity__G81,True,pseudo_pending,val,512,512,40,453,69,460,256,data/processed/masks/porosity/porosity__G81_1.npy,39,0.000595,4,False,False
porosity__G81_2,porosity,data/raw/porosity/G81_2.jpg,data/processed/porosity/porosity__G81_2.npy,gray,none,1.0,porosity__G81,True,pseudo_pending,val,512,512,40,453,69,460,256,data/processed/masks/porosity/porosity__G81_2.npy,110,0.001678,2,False,False
porosity__G81_3,porosity,data/raw/porosity/G81_3.jpg,data/processed/porosity/porosity__G81_3.npy,gray,none,1.0,porosity__G81,True,pseudo_pending,val,512,512,40,453,69,460,256,data/processed/masks/porosity/porosity__G81_3.npy,126,0.001923,2,False,False
porosity__G82_1,porosity,data/raw/porosity/G82_1.jpg,data/processed/porosity/porosity__G82_1.npy,gray,none,1.0,porosity__G82,True,pseudo_pending,train,512,512,40,453,69,460,256,data/processed/masks/porosity/porosity__G82_1.npy,70,0.001068,4,False,False
porosity__G82_2,porosity,data/raw/porosity/G82_2.jpg,data/processed/porosity/porosity__G82_2.npy,gray,none,1.0,porosity__G82,True,pseudo_pending,train,512,512,40,453,69,460,256,data/processed/masks/porosity/porosity__G82_2.npy,63,0.000961,1,False,False
porosity__G82_3,porosity,data/raw/porosity/G82_3.jpg,data/processed/porosity/porosity__G82_3.npy,gray,none,1.0,porosity__G82,True,pseudo_pending,train,512,512,40,453,69,460,256,data/processed/masks/porosity/porosity__G82_3.npy,52,0.000793,2,False,False
porosity__G83_1,porosity,data/raw/porosity/G83_1.jpg,data/processed/porosity/porosity__G83_1.npy,gray,none,1.0,porosity__G83,True,pseudo_pending,train,512,512,40,453,69,460,256,data/processed/masks/porosity/porosity__G83_1.npy,30,0.000458,3,False,False
porosity__G83_2,porosity,data/raw/porosity/G83_2.jpg,data/processed/porosity/porosity__G83_2.npy,gray,none,1.0,porosity__G83,True,pseudo_pending,train,512,512,40,453,69,460,256,data/processed/masks/porosity/porosity__G83_2.npy,252,0.003845,7,False,False
porosity__G83_3,porosity,data/raw/porosity/G83_3.jpg,data/processed/porosity/porosity__G83_3.npy,gray,none,1.0,porosity__G83,True,pseudo_pending,train,512,512,40,453,69,460,256,data/processed/masks/porosity/porosity__G83_3.npy,46,0.000702,2,False,False
porosity__G84_1,porosity,data/raw/porosity/G84_1.jpg,data/processed/porosity/porosity__G84_1.npy,gray,none,1.0,porosity__G84,True,pseudo_pending,train,512,512,40,453,69,460,256,data/processed/masks/porosity/porosity__G84_1.npy,81,0.001236,5,False,False
porosity__G84_2,porosity,data/raw/porosity/G84_2.jpg,data/processed/porosity/porosity__G84_2.npy,gray,none,1.0,porosity__G84,True,pseudo_pending,train,512,512,40,453,69,460,256,data/processed/masks/porosity/porosity__G84_2.npy,475,0.007248,7,False,False
porosity__G84_3,porosity,data/raw/porosity/G84_3.jpg,data/processed/porosity/porosity__G84_3.npy,gray,none,1.0,porosity__G84,True,pseudo_pending,train,512,512,40,453,69,460,256,data/processed/masks/porosity/porosity__G84_3.npy,137,0.00209,3,False,False
porosity__G93_1,porosity,data/raw/porosity/G93_1.jpg,data/processed/porosity/porosity__G93_1.npy,gray,none,1.0,porosity__G93,True,pseudo_pending,test,512,512,40,453,69,460,256,data/processed/masks/porosity/porosity__G93_1.npy,119,0.001816,6,False,False
porosity__G93_2,porosity,data/raw/porosity/G93_2.jpg,data/processed/porosity/porosity__G93_2.npy,gray,none,1.0,porosity__G93,True,pseudo_pending,test,512,512,40,453,69,460,256,data/processed/masks/porosity/porosity__G93_2.npy,167,0.002548,3,False,False
porosity__G93_3,porosity,data/raw/porosity/G93_3.jpg,data/processed/porosity/porosity__G93_3.npy,gray,none,1.0,porosity__G93,True,pseudo_pending,test,512,512,40,453,69,460,256,data/processed/masks/porosity/porosity__G93_3.npy,188,0.002869,8,False,False
porosity__G94_1,porosity,data/raw/porosity/G94_1.jpg,data/processed/porosity/porosity__G94_1.npy,gray,none,1.0,porosity__G94,True,pseudo_pending,train,512,512,40,453,69,460,256,data/processed/masks/porosity/porosity__G94_1.npy,67,0.001022,5,False,False
porosity__G94_2,porosity,data/raw/porosity/G94_2.jpg,data/processed/porosity/porosity__G94_2.npy,gray,none,1.0,porosity__G94,True,pseudo_pending,train,512,512,40,453,69,460,256,data/processed/masks/porosity/porosity__G94_2.npy,179,0.002731,6,False,False
porosity__G94_3,porosity,data/raw/porosity/G94_3.jpg,data/processed/porosity/porosity__G94_3.npy,gray,none,1.0,porosity__G94,True,pseudo_pending,train,512,512,40,453,69,460,256,data/processed/masks/porosity/porosity__G94_3.npy,160,0.002441,4,False,False
porosity__G95_1,porosity,data/raw/porosity/G95_1.jpg,data/processed/porosity/porosity__G95_1.npy,gray,none,1.0,porosity__G95,True,pseudo_pending,test,512,512,40,453,69,460,256,data/processed/masks/porosity/porosity__G95_1.npy,62,0.000946,4,False,False
porosity__G95_2,porosity,data/raw/porosity/G95_2.jpg,data/processed/porosity/porosity__G95_2.npy,gray,none,1.0,porosity__G95,True,pseudo_pending,test,512,512,40,453,69,460,256,data/processed/masks/porosity/porosity__G95_2.npy,167,0.002548,5,False,False
porosity__G95_3,porosity,data/raw/porosity/G95_3.jpg,data/processed/porosity/porosity__G95_3.npy,gray,none,1.0,porosity__G95,True,pseudo_pending,test,512,512,40,453,69,460,256,data/processed/masks/porosity/porosity__G95_3.npy,64,0.000977,1,False,False
porosity__G96_1,porosity,data/raw/porosity/G96_1.jpg,data/processed/porosity/porosity__G96_1.npy,gray,none,1.0,porosity__G96,True,pseudo_pending,train,512,512,40,453,69,460,256,data/processed/masks/porosity/porosity__G96_1.npy,89,0.001358,5,False,False
porosity__G96_2,porosity,data/raw/porosity/G96_2.jpg,data/processed/porosity/porosity__G96_2.npy,gray,none,1.0,porosity__G96,True,pseudo_pending,train,512,512,40,453,69,460,256,data/processed/masks/porosity/porosity__G96_2.npy,256,0.003906,8,False,False
porosity__G99_2,porosity,data/raw/porosity/G99_2.jpg,data/processed/porosity/porosity__G99_2.npy,gray,none,1.0,porosity__G99,True,pseudo_pending,train,512,512,40,453,69,460,256,data/processed/masks/porosity/porosity__G99_2.npy,115,0.001755,4,False,False
slag__GS1,slag,data/raw/slag/GS1.jpg,data/processed/slag/slag__GS1.npy,gray,none,1.0,slag__GS1,True,pseudo_pending,train,512,512,38,453,69,460,256,data/processed/masks/slag/slag__GS1.npy,124,0.001892,2,False,False
slag__GS100_2,slag,data/raw/slag/GS100_2.jpg,data/processed/slag/slag__GS100_2.npy,gray,none,1.0,slag__GS100,True,pseudo_pending,train,512,512,40,453,69,460,256,data/processed/masks/slag/slag__GS100_2.npy,43,0.000656,1,False,False
slag__GS100_3,slag,data/raw/slag/GS100_3.jpg,data/processed/slag/slag__GS100_3.npy,gray,none,1.0,slag__GS100,True,pseudo_pending,train,512,512,40,453,69,460,256,data/processed/masks/slag/slag__GS100_3.npy,108,0.001648,2,False,False
slag__GS101,slag,data/raw/slag/GS101.jpg,data/processed/slag/slag__GS101.npy,gray,none,1.0,slag__GS101,True,pseudo_pending,train,512,512,38,453,69,460,256,data/processed/masks/slag/slag__GS101.npy,29,0.000443,1,False,False
slag__GS102,slag,data/raw/slag/GS102.jpg,data/processed/slag/slag__GS102.npy,gray,none,1.0,slag__GS102,True,pseudo_pending,train,512,512,38,453,69,460,256,data/processed/masks/slag/slag__GS102.npy,74,0.001129,7,False,False
slag__GS102_1,slag,data/raw/slag/GS102_1.jpg,data/processed/slag/slag__GS102_1.npy,gray,none,1.0,slag__GS102,True,pseudo_pending,train,512,512,40,453,69,460,256,data/processed/masks/slag/slag__GS102_1.npy,10,0.000153,1,False,False
slag__GS102_2,slag,data/raw/slag/GS102_2.jpg,data/processed/slag/slag__GS102_2.npy,gray,none,1.0,slag__GS102,True,pseudo_pending,train,512,512,40,453,69,460,256,data/processed/masks/slag/slag__GS102_2.npy,85,0.001297,3,False,False
slag__GS102_3,slag,data/raw/slag/GS102_3.jpg,data/processed/slag/slag__GS102_3.npy,gray,none,1.0,slag__GS102,True,pseudo_pending,train,512,512,40,453,69,460,256,data/processed/masks/slag/slag__GS102_3.npy,160,0.002441,3,False,False
slag__GS103,slag,data/raw/slag/GS103.jpg,data/processed/slag/slag__GS103.npy,gray,none,1.0,slag__GS103,True,pseudo_pending,train,512,512,38,453,69,460,256,data/processed/masks/slag/slag__GS103.npy,159,0.002426,8,False,False
slag__GS103_2,slag,data/raw/slag/GS103_2.jpg,data/processed/slag/slag__GS103_2.npy,gray,none,1.0,slag__GS103,True,pseudo_pending,train,512,512,40,453,69,460,256,data/processed/masks/slag/slag__GS103_2.npy,111,0.001694,1,False,False
slag__GS104,slag,data/raw/slag/GS104.jpg,data/processed/slag/slag__GS104.npy,gray,none,1.0,slag__GS104,True,pseudo_pending,train,512,512,38,453,69,460,256,data/processed/masks/slag/slag__GS104.npy,253,0.00386,5,False,False
slag__GS105,slag,data/raw/slag/GS105.jpg,data/processed/slag/slag__GS105.npy,gray,none,1.0,slag__GS105,True,pseudo_pending,test,512,512,38,453,69,460,256,data/processed/masks/slag/slag__GS105.npy,61,0.000931,2,False,False
slag__GS105_1,slag,data/raw/slag/GS105_1.jpg,data/processed/slag/slag__GS105_1.npy,gray,none,1.0,slag__GS105,True,pseudo_pending,test,512,512,40,453,69,460,256,data/processed/masks/slag/slag__GS105_1.npy,126,0.001923,5,False,False
slag__GS105_2,slag,data/raw/slag/GS105_2.jpg,data/processed/slag/slag__GS105_2.npy,gray,none,1.0,slag__GS105,True,pseudo_pending,test,512,512,40,453,69,460,256,data/processed/masks/slag/slag__GS105_2.npy,218,0.003326,6,False,False
slag__GS105_3,slag,data/raw/slag/GS105_3.jpg,data/processed/slag/slag__GS105_3.npy,gray,none,1.0,slag__GS105,True,pseudo_pending,test,512,512,40,453,69,460,256,data/processed/masks/slag/slag__GS105_3.npy,66,0.001007,1,False,False
slag__GS106,slag,data/raw/slag/GS106.jpg,data/processed/slag/slag__GS106.npy,gray,none,1.0,slag__GS106,True,pseudo_pending,train,512,512,38,453,69,460,256,data/processed/masks/slag/slag__GS106.npy,102,0.001556,4,False,False
slag__GS106_3,slag,data/raw/slag/GS106_3.jpg,data/processed/slag/slag__GS106_3.npy,gray,none,1.0,slag__GS106,True,pseudo_pending,train,512,512,40,453,69,460,256,data/processed/masks/slag/slag__GS106_3.npy,61,0.000931,1,False,False
slag__GS107,slag,data/raw/slag/GS107.jpg,data/processed/slag/slag__GS107.npy,gray,none,1.0,slag__GS107,True,pseudo_pending,train,512,512,38,453,69,460,256,data/processed/masks/slag/slag__GS107.npy,103,0.001572,2,False,False
slag__GS107_2,slag,data/raw/slag/GS107_2.jpg,data/processed/slag/slag__GS107_2.npy,gray,none,1.0,slag__GS107,True,pseudo_pending,train,512,512,40,453,69,460,256,data/processed/masks/slag/slag__GS107_2.npy,100,0.001526,4,False,False
slag__GS107_3,slag,data/raw/slag/GS107_3.jpg,data/processed/slag/slag__GS107_3.npy,gray,none,1.0,slag__GS107,True,pseudo_pending,train,512,512,40,453,69,460,256,data/processed/masks/slag/slag__GS107_3.npy,36,0.000549,1,False,False
slag__GS108,slag,data/raw/slag/GS108.jpg,data/processed/slag/slag__GS108.npy,gray,none,1.0,slag__GS108,True,pseudo_pending,train,512,512,38,453,69,460,256,data/processed/masks/slag/slag__GS108.npy,47,0.000717,3,False,False
slag__GS108_2,slag,data/raw/slag/GS108_2.jpg,data/processed/slag/slag__GS108_2.npy,gray,none,1.0,slag__GS108,True,pseudo_pending,train,512,512,40,453,69,460,256,data/processed/masks/slag/slag__GS108_2.npy,50,0.000763,2,False,False
slag__GS108_3,slag,data/raw/slag/GS108_3.jpg,data/processed/slag/slag__GS108_3.npy,gray,none,1.0,slag__GS108,True,pseudo_pending,train,512,512,40,453,69,460,256,data/processed/masks/slag/slag__GS108_3.npy,79,0.001205,1,False,False
slag__GS109,slag,data/raw/slag/GS109.jpg,data/processed/slag/slag__GS109.npy,gray,none,1.0,slag__GS109,True,pseudo_pending,val,512,512,38,453,69,460,256,data/processed/masks/slag/slag__GS109.npy,141,0.002151,3,False,False
slag__GS109_2,slag,data/raw/slag/GS109_2.jpg,data/processed/slag/slag__GS109_2.npy,gray,none,1.0,slag__GS109,True,pseudo_pending,val,512,512,40,453,69,460,256,data/processed/masks/slag/slag__GS109_2.npy,134,0.002045,2,False,False
slag__GS109_3,slag,data/raw/slag/GS109_3.jpg,data/processed/slag/slag__GS109_3.npy,gray,none,1.0,slag__GS109,True,pseudo_pending,val,512,512,40,453,69,460,256,data/processed/masks/slag/slag__GS109_3.npy,107,0.001633,2,False,False
slag__GS10_1,slag,data/raw/slag/GS10_1.jpg,data/processed/slag/slag__GS10_1.npy,gray,none,1.0,slag__GS10,True,pseudo_pending,train,512,512,40,453,69,460,256,data/processed/masks/slag/slag__GS10_1.npy,15,0.000229,1,False,False
slag__GS10_2,slag,data/raw/slag/GS10_2.jpg,data/processed/slag/slag__GS10_2.npy,gray,none,1.0,slag__GS10,True,pseudo_pending,train,512,512,40,453,69,460,256,data/processed/masks/slag/slag__GS10_2.npy,24,0.000366,1,False,False
slag__GS10_3,slag,data/raw/slag/GS10_3.jpg,data/processed/slag/slag__GS10_3.npy,gray,none,1.0,slag__GS10,True,pseudo_pending,train,512,512,40,453,69,460,256,data/processed/masks/slag/slag__GS10_3.npy,52,0.000793,1,False,False
slag__GS110,slag,data/raw/slag/GS110.jpg,data/processed/slag/slag__GS110.npy,gray,none,1.0,slag__GS110,True,pseudo_pending,train,512,512,38,453,69,460,256,data/processed/masks/slag/slag__GS110.npy,112,0.001709,1,False,False
slag__GS110_1,slag,data/raw/slag/GS110_1.jpg,data/processed/slag/slag__GS110_1.npy,gray,none,1.0,slag__GS110,True,pseudo_pending,train,512,512,40,453,69,460,256,data/processed/masks/slag/slag__GS110_1.npy,71,0.001083,2,False,False
slag__GS110_2,slag,data/raw/slag/GS110_2.jpg,data/processed/slag/slag__GS110_2.npy,gray,none,1.0,slag__GS110,True,pseudo_pending,train,512,512,40,453,69,460,256,data/processed/masks/slag/slag__GS110_2.npy,69,0.001053,1,False,False
slag__GS110_3,slag,data/raw/slag/GS110_3.jpg,data/processed/slag/slag__GS110_3.npy,gray,none,1.0,slag__GS110,True,pseudo_pending,train,512,512,40,453,69,460,256,data/processed/masks/slag/slag__GS110_3.npy,144,0.002197,1,False,False
slag__GS111,slag,data/raw/slag/GS111.jpg,data/processed/slag/slag__GS111.npy,gray,none,1.0,slag__GS111,True,pseudo_pending,val,512,512,38,453,69,460,256,data/processed/masks/slag/slag__GS111.npy,113,0.001724,7,False,False
slag__GS111_1,slag,data/raw/slag/GS111_1.jpg,data/processed/slag/slag__GS111_1.npy,gray,none,1.0,slag__GS111,True,pseudo_pending,val,512,512,40,453,69,460,256,data/processed/masks/slag/slag__GS111_1.npy,75,0.001144,4,False,False
slag__GS111_2,slag,data/raw/slag/GS111_2.jpg,data/processed/slag/slag__GS111_2.npy,gray,none,1.0,slag__GS111,True,pseudo_pending,val,512,512,40,453,69,460,256,data/processed/masks/slag/slag__GS111_2.npy,47,0.000717,1,False,False
slag__GS111_3,slag,data/raw/slag/GS111_3.jpg,data/processed/slag/slag__GS111_3.npy,gray,none,1.0,slag__GS111,True,pseudo_pending,val,512,512,40,453,69,460,256,data/processed/masks/slag/slag__GS111_3.npy,209,0.003189,3,False,False
slag__GS112,slag,data/raw/slag/GS112.jpg,data/processed/slag/slag__GS112.npy,gray,none,1.0,slag__GS112,True,pseudo_pending,train,512,512,38,453,69,460,256,data/processed/masks/slag/slag__GS112.npy,145,0.002213,3,False,False
slag__GS112_1,slag,data/raw/slag/GS112_1.jpg,data/processed/slag/slag__GS112_1.npy,gray,none,1.0,slag__GS112,True,pseudo_pending,train,512,512,40,453,69,460,256,data/processed/masks/slag/slag__GS112_1.npy,232,0.00354,6,False,False
slag__GS112_2,slag,data/raw/slag/GS112_2.jpg,data/processed/slag/slag__GS112_2.npy,gray,none,1.0,slag__GS112,True,pseudo_pending,train,512,512,40,453,69,460,256,data/processed/masks/slag/slag__GS112_2.npy,125,0.001907,3,False,False
slag__GS112_3,slag,data/raw/slag/GS112_3.jpg,data/processed/slag/slag__GS112_3.npy,gray,none,1.0,slag__GS112,True,pseudo_pending,train,512,512,40,453,69,460,256,data/processed/masks/slag/slag__GS112_3.npy,75,0.001144,2,False,False
slag__GS113,slag,data/raw/slag/GS113.jpg,data/processed/slag/slag__GS113.npy,gray,none,1.0,slag__GS113,True,pseudo_pending,train,512,512,38,453,69,460,256,data/processed/masks/slag/slag__GS113.npy,126,0.001923,3,False,False
slag__GS113_1,slag,data/raw/slag/GS113_1.jpg,data/processed/slag/slag__GS113_1.npy,gray,none,1.0,slag__GS113,True,pseudo_pending,train,512,512,40,453,69,460,256,data/processed/masks/slag/slag__GS113_1.npy,39,0.000595,2,False,False
slag__GS113_3,slag,data/raw/slag/GS113_3.jpg,data/processed/slag/slag__GS113_3.npy,gray,none,1.0,slag__GS113,True,pseudo_pending,train,512,512,40,453,69,460,256,data/processed/masks/slag/slag__GS113_3.npy,331,0.005051,6,False,False
slag__GS114,slag,data/raw/slag/GS114.jpg,data/processed/slag/slag__GS114.npy,gray,none,1.0,slag__GS114,True,pseudo_pending,val,512,512,38,453,69,460,256,data/processed/masks/slag/slag__GS114.npy,120,0.001831,6,False,False
slag__GS115,slag,data/raw/slag/GS115.jpg,data/processed/slag/slag__GS115.npy,gray,none,1.0,slag__GS115,True,pseudo_pending,val,512,512,38,453,69,460,256,data/processed/masks/slag/slag__GS115.npy,72,0.001099,1,False,False
slag__GS115_1,slag,data/raw/slag/GS115_1.jpg,data/processed/slag/slag__GS115_1.npy,gray,none,1.0,slag__GS115,True,pseudo_pending,val,512,512,40,453,69,460,256,data/processed/masks/slag/slag__GS115_1.npy,69,0.001053,3,False,False
slag__GS115_2,slag,data/raw/slag/GS115_2.jpg,data/processed/slag/slag__GS115_2.npy,gray,none,1.0,slag__GS115,True,pseudo_pending,val,512,512,40,453,69,460,256,data/processed/masks/slag/slag__GS115_2.npy,162,0.002472,7,False,False
slag__GS115_3,slag,data/raw/slag/GS115_3.jpg,data/processed/slag/slag__GS115_3.npy,gray,none,1.0,slag__GS115,True,pseudo_pending,val,512,512,40,453,69,460,256,data/processed/masks/slag/slag__GS115_3.npy,54,0.000824,2,False,False
slag__GS116,slag,data/raw/slag/GS116.jpg,data/processed/slag/slag__GS116.npy,gray,none,1.0,slag__GS116,True,pseudo_pending,train,512,512,38,453,69,460,256,data/processed/masks/slag/slag__GS116.npy,57,0.00087,1,False,False
slag__GS117,slag,data/raw/slag/GS117.jpg,data/processed/slag/slag__GS117.npy,gray,none,1.0,slag__GS117,True,pseudo_pending,test,512,512,38,453,69,460,256,data/processed/masks/slag/slag__GS117.npy,78,0.00119,2,False,False
slag__GS117_1,slag,data/raw/slag/GS117_1.jpg,data/processed/slag/slag__GS117_1.npy,gray,none,1.0,slag__GS117,True,pseudo_pending,test,512,512,40,453,69,460,256,data/processed/masks/slag/slag__GS117_1.npy,34,0.000519,1,False,False
slag__GS117_2,slag,data/raw/slag/GS117_2.jpg,data/processed/slag/slag__GS117_2.npy,gray,none,1.0,slag__GS117,True,pseudo_pending,test,512,512,40,453,69,460,256,data/processed/masks/slag/slag__GS117_2.npy,83,0.001266,1,False,False
slag__GS117_3,slag,data/raw/slag/GS117_3.jpg,data/processed/slag/slag__GS117_3.npy,gray,none,1.0,slag__GS117,True,pseudo_pending,test,512,512,40,453,69,460,256,data/processed/masks/slag/slag__GS117_3.npy,109,0.001663,2,False,False
slag__GS118,slag,data/raw/slag/GS118.jpg,data/processed/slag/slag__GS118.npy,gray,none,1.0,slag__GS118,True,pseudo_pending,train,512,512,38,453,69,460,256,data/processed/masks/slag/slag__GS118.npy,147,0.002243,2,False,False
slag__GS118_2,slag,data/raw/slag/GS118_2.jpg,data/processed/slag/slag__GS118_2.npy,gray,none,1.0,slag__GS118,True,pseudo_pending,train,512,512,40,453,69,460,256,data/processed/masks/slag/slag__GS118_2.npy,102,0.001556,3,False,False
slag__GS118_3,slag,data/raw/slag/GS118_3.jpg,data/processed/slag/slag__GS118_3.npy,gray,none,1.0,slag__GS118,True,pseudo_pending,train,512,512,40,453,69,460,256,data/processed/masks/slag/slag__GS118_3.npy,78,0.00119,2,False,False
slag__GS119,slag,data/raw/slag/GS119.jpg,data/processed/slag/slag__GS119.npy,gray,none,1.0,slag__GS119,True,pseudo_pending,test,512,512,38,453,69,460,256,data/processed/masks/slag/slag__GS119.npy,62,0.000946,2,False,False
slag__GS119_1,slag,data/raw/slag/GS119_1.jpg,data/processed/slag/slag__GS119_1.npy,gray,none,1.0,slag__GS119,True,pseudo_pending,test,512,512,40,453,69,460,256,data/processed/masks/slag/slag__GS119_1.npy,65,0.000992,2,False,False
slag__GS119_3,slag,data/raw/slag/GS119_3.jpg,data/processed/slag/slag__GS119_3.npy,gray,none,1.0,slag__GS119,True,pseudo_pending,test,512,512,40,453,69,460,256,data/processed/masks/slag/slag__GS119_3.npy,212,0.003235,1,False,False
slag__GS11_1,slag,data/raw/slag/GS11_1.jpg,data/processed/slag/slag__GS11_1.npy,gray,none,1.0,slag__GS11,True,pseudo_pending,val,512,512,40,453,69,460,256,data/processed/masks/slag/slag__GS11_1.npy,122,0.001862,4,False,False
slag__GS11_2,slag,data/raw/slag/GS11_2.jpg,data/processed/slag/slag__GS11_2.npy,gray,none,1.0,slag__GS11,True,pseudo_pending,val,512,512,40,453,69,460,256,data/processed/masks/slag/slag__GS11_2.npy,206,0.003143,5,False,False
slag__GS120,slag,data/raw/slag/GS120.jpg,data/processed/slag/slag__GS120.npy,gray,none,1.0,slag__GS120,True,pseudo_pending,test,512,512,38,453,69,460,256,data/processed/masks/slag/slag__GS120.npy,46,0.000702,1,False,False
slag__GS120_3,slag,data/raw/slag/GS120_3.jpg,data/processed/slag/slag__GS120_3.npy,gray,none,1.0,slag__GS120,True,pseudo_pending,test,512,512,40,453,69,460,256,data/processed/masks/slag/slag__GS120_3.npy,56,0.000854,1,False,False
slag__GS121,slag,data/raw/slag/GS121.jpg,data/processed/slag/slag__GS121.npy,gray,none,1.0,slag__GS121,True,pseudo_pending,test,512,512,38,453,69,460,256,data/processed/masks/slag/slag__GS121.npy,70,0.001068,1,False,False
slag__GS121_2,slag,data/raw/slag/GS121_2.jpg,data/processed/slag/slag__GS121_2.npy,gray,none,1.0,slag__GS121,True,pseudo_pending,test,512,512,40,453,69,460,256,data/processed/masks/slag/slag__GS121_2.npy,146,0.002228,3,False,False
slag__GS121_3,slag,data/raw/slag/GS121_3.jpg,data/processed/slag/slag__GS121_3.npy,gray,none,1.0,slag__GS121,True,pseudo_pending,test,512,512,40,453,69,460,256,data/processed/masks/slag/slag__GS121_3.npy,125,0.001907,2,False,False
slag__GS122,slag,data/raw/slag/GS122.jpg,data/processed/slag/slag__GS122.npy,gray,none,1.0,slag__GS122,True,pseudo_pending,test,512,512,38,453,69,460,256,data/processed/masks/slag/slag__GS122.npy,38,0.00058,1,False,False
slag__GS122_1,slag,data/raw/slag/GS122_1.jpg,data/processed/slag/slag__GS122_1.npy,gray,none,1.0,slag__GS122,True,pseudo_pending,test,512,512,40,453,69,460,256,data/processed/masks/slag/slag__GS122_1.npy,100,0.001526,1,False,False
slag__GS122_2,slag,data/raw/slag/GS122_2.jpg,data/processed/slag/slag__GS122_2.npy,gray,none,1.0,slag__GS122,True,pseudo_pending,test,512,512,40,453,69,460,256,data/processed/masks/slag/slag__GS122_2.npy,220,0.003357,6,False,False
slag__GS122_3,slag,data/raw/slag/GS122_3.jpg,data/processed/slag/slag__GS122_3.npy,gray,none,1.0,slag__GS122,True,pseudo_pending,test,512,512,40,453,69,460,256,data/processed/masks/slag/slag__GS122_3.npy,94,0.001434,1,False,False
slag__GS123,slag,data/raw/slag/GS123.jpg,data/processed/slag/slag__GS123.npy,gray,none,1.0,slag__GS123,True,pseudo_pending,train,512,512,38,453,69,460,256,data/processed/masks/slag/slag__GS123.npy,141,0.002151,5,False,False
slag__GS123_1,slag,data/raw/slag/GS123_1.jpg,data/processed/slag/slag__GS123_1.npy,gray,none,1.0,slag__GS123,True,pseudo_pending,train,512,512,40,453,69,460,256,data/processed/masks/slag/slag__GS123_1.npy,138,0.002106,4,False,False
slag__GS123_2,slag,data/raw/slag/GS123_2.jpg,data/processed/slag/slag__GS123_2.npy,gray,none,1.0,slag__GS123,True,pseudo_pending,train,512,512,40,453,69,460,256,data/processed/masks/slag/slag__GS123_2.npy,49,0.000748,1,False,False
slag__GS123_3,slag,data/raw/slag/GS123_3.jpg,data/processed/slag/slag__GS123_3.npy,gray,none,1.0,slag__GS123,True,pseudo_pending,train,512,512,40,453,69,460,256,data/processed/masks/slag/slag__GS123_3.npy,134,0.002045,1,False,False
slag__GS124,slag,data/raw/slag/GS124.jpg,data/processed/slag/slag__GS124.npy,gray,none,1.0,slag__GS124,True,pseudo_pending,train,512,512,38,453,69,460,256,data/processed/masks/slag/slag__GS124.npy,45,0.000687,2,False,False
slag__GS124_1,slag,data/raw/slag/GS124_1.jpg,data/processed/slag/slag__GS124_1.npy,gray,none,1.0,slag__GS124,True,pseudo_pending,train,512,512,40,453,69,460,256,data/processed/masks/slag/slag__GS124_1.npy,69,0.001053,2,False,False
slag__GS124_2,slag,data/raw/slag/GS124_2.jpg,data/processed/slag/slag__GS124_2.npy,gray,none,1.0,slag__GS124,True,pseudo_pending,train,512,512,40,453,69,460,256,data/processed/masks/slag/slag__GS124_2.npy,71,0.001083,1,False,False
slag__GS124_3,slag,data/raw/slag/GS124_3.jpg,data/processed/slag/slag__GS124_3.npy,gray,none,1.0,slag__GS124,True,pseudo_pending,train,512,512,40,453,69,460,256,data/processed/masks/slag/slag__GS124_3.npy,89,0.001358,2,False,False
slag__GS125,slag,data/raw/slag/GS125.jpg,data/processed/slag/slag__GS125.npy,gray,none,1.0,slag__GS125,True,pseudo_pending,train,512,512,38,453,69,460,256,data/processed/masks/slag/slag__GS125.npy,80,0.001221,1,False,False
slag__GS125_2,slag,data/raw/slag/GS125_2.jpg,data/processed/slag/slag__GS125_2.npy,gray,none,1.0,slag__GS125,True,pseudo_pending,train,512,512,40,453,69,460,256,data/processed/masks/slag/slag__GS125_2.npy,99,0.001511,2,False,False
slag__GS125_3,slag,data/raw/slag/GS125_3.jpg,data/processed/slag/slag__GS125_3.npy,gray,none,1.0,slag__GS125,True,pseudo_pending,train,512,512,40,453,69,460,256,data/processed/masks/slag/slag__GS125_3.npy,103,0.001572,1,False,False
slag__GS126,slag,data/raw/slag/GS126.jpg,data/processed/slag/slag__GS126.npy,gray,none,1.0,slag__GS126,True,pseudo_pending,train,512,512,38,453,69,460,256,data/processed/masks/slag/slag__GS126.npy,30,0.000458,1,False,False
slag__GS127,slag,data/raw/slag/GS127.jpg,data/processed/slag/slag__GS127.npy,gray,none,1.0,slag__GS127,True,pseudo_pending,train,512,512,38,453,69,460,256,data/processed/masks/slag/slag__GS127.npy,186,0.002838,5,False,False
slag__GS128,slag,data/raw/slag/GS128.jpg,data/processed/slag/slag__GS128.npy,gray,none,1.0,slag__GS128,True,pseudo_pending,train,512,512,38,453,69,460,256,data/processed/masks/slag/slag__GS128.npy,86,0.001312,3,False,False
slag__GS129,slag,data/raw/slag/GS129.jpg,data/processed/slag/slag__GS129.npy,gray,none,1.0,slag__GS129,True,pseudo_pending,train,512,512,38,453,69,460,256,data/processed/masks/slag/slag__GS129.npy,83,0.001266,1,False,False
slag__GS12_1,slag,data/raw/slag/GS12_1.jpg,data/processed/slag/slag__GS12_1.npy,gray,none,1.0,slag__GS12,True,pseudo_pending,val,512,512,40,453,69,460,256,data/processed/masks/slag/slag__GS12_1.npy,11,0.000168,2,False,False
slag__GS12_2,slag,data/raw/slag/GS12_2.jpg,data/processed/slag/slag__GS12_2.npy,gray,none,1.0,slag__GS12,True,pseudo_pending,val,512,512,40,453,69,460,256,data/processed/masks/slag/slag__GS12_2.npy,10,0.000153,2,False,False
slag__GS12_3,slag,data/raw/slag/GS12_3.jpg,data/processed/slag/slag__GS12_3.npy,gray,none,1.0,slag__GS12,True,pseudo_pending,val,512,512,40,453,69,460,256,data/processed/masks/slag/slag__GS12_3.npy,117,0.001785,3,False,False
slag__GS130,slag,data/raw/slag/GS130.jpg,data/processed/slag/slag__GS130.npy,gray,none,1.0,slag__GS130,True,pseudo_pending,train,512,512,38,453,69,460,256,data/processed/masks/slag/slag__GS130.npy,78,0.00119,3,False,False
slag__GS131,slag,data/raw/slag/GS131.jpg,data/processed/slag/slag__GS131.npy,gray,none,1.0,slag__GS131,True,pseudo_pending,val,512,512,38,453,69,460,256,data/processed/masks/slag/slag__GS131.npy,219,0.003342,5,False,False
slag__GS132,slag,data/raw/slag/GS132.jpg,data/processed/slag/slag__GS132.npy,gray,none,1.0,slag__GS132,True,pseudo_pending,train,512,512,38,453,69,460,256,data/processed/masks/slag/slag__GS132.npy,77,0.001175,1,False,False
slag__GS133,slag,data/raw/slag/GS133.jpg,data/processed/slag/slag__GS133.npy,gray,none,1.0,slag__GS133,True,pseudo_pending,train,512,512,38,453,69,460,256,data/processed/masks/slag/slag__GS133.npy,92,0.001404,2,False,False
slag__GS134,slag,data/raw/slag/GS134.jpg,data/processed/slag/slag__GS134.npy,gray,none,1.0,slag__GS134,True,pseudo_pending,train,512,512,38,453,69,460,256,data/processed/masks/slag/slag__GS134.npy,54,0.000824,1,False,False
slag__GS135,slag,data/raw/slag/GS135.jpg,data/processed/slag/slag__GS135.npy,gray,none,1.0,slag__GS135,True,pseudo_pending,val,512,512,38,453,69,460,256,data/processed/masks/slag/slag__GS135.npy,90,0.001373,1,False,False
slag__GS136,slag,data/raw/slag/GS136.jpg,data/processed/slag/slag__GS136.npy,gray,none,1.0,slag__GS136,True,pseudo_pending,val,512,512,38,453,69,460,256,data/processed/masks/slag/slag__GS136.npy,110,0.001678,2,False,False
slag__GS137,slag,data/raw/slag/GS137.jpg,data/processed/slag/slag__GS137.npy,gray,none,1.0,slag__GS137,True,pseudo_pending,train,512,512,38,453,69,460,256,data/processed/masks/slag/slag__GS137.npy,111,0.001694,1,False,False
slag__GS138,slag,data/raw/slag/GS138.jpg,data/processed/slag/slag__GS138.npy,gray,none,1.0,slag__GS138,True,pseudo_pending,test,512,512,38,453,69,460,256,data/processed/masks/slag/slag__GS138.npy,68,0.001038,1,False,False
slag__GS139,slag,data/raw/slag/GS139.jpg,data/processed/slag/slag__GS139.npy,gray,none,1.0,slag__GS139,True,pseudo_pending,train,512,512,38,453,69,460,256,data/processed/masks/slag/slag__GS139.npy,95,0.00145,2,False,False
slag__GS13_1,slag,data/raw/slag/GS13_1.jpg,data/processed/slag/slag__GS13_1.npy,gray,none,1.0,slag__GS13,True,pseudo_pending,train,512,512,40,453,69,460,256,data/processed/masks/slag/slag__GS13_1.npy,210,0.003204,6,False,False
slag__GS13_2,slag,data/raw/slag/GS13_2.jpg,data/processed/slag/slag__GS13_2.npy,gray,none,1.0,slag__GS13,True,pseudo_pending,train,512,512,40,453,69,460,256,data/processed/masks/slag/slag__GS13_2.npy,100,0.001526,3,False,False
slag__GS140,slag,data/raw/slag/GS140.jpg,data/processed/slag/slag__GS140.npy,gray,none,1.0,slag__GS140,True,pseudo_pending,train,512,512,38,453,69,460,256,data/processed/masks/slag/slag__GS140.npy,75,0.001144,1,False,False
slag__GS141,slag,data/raw/slag/GS141.jpg,data/processed/slag/slag__GS141.npy,gray,none,1.0,slag__GS141,True,pseudo_pending,train,512,512,38,453,69,460,256,data/processed/masks/slag/slag__GS141.npy,58,0.000885,2,False,False
slag__GS142,slag,data/raw/slag/GS142.jpg,data/processed/slag/slag__GS142.npy,gray,none,1.0,slag__GS142,True,pseudo_pending,train,512,512,38,453,69,460,256,data/processed/masks/slag/slag__GS142.npy,146,0.002228,4,False,False
slag__GS143,slag,data/raw/slag/GS143.jpg,data/processed/slag/slag__GS143.npy,gray,none,1.0,slag__GS143,True,pseudo_pending,val,512,512,38,453,69,460,256,data/processed/masks/slag/slag__GS143.npy,103,0.001572,1,False,False
slag__GS144,slag,data/raw/slag/GS144.jpg,data/processed/slag/slag__GS144.npy,gray,none,1.0,slag__GS144,True,pseudo_pending,val,512,512,38,453,69,460,256,data/processed/masks/slag/slag__GS144.npy,79,0.001205,2,False,False
slag__GS145,slag,data/raw/slag/GS145.jpg,data/processed/slag/slag__GS145.npy,gray,none,1.0,slag__GS145,True,pseudo_pending,train,512,512,38,453,69,460,256,data/processed/masks/slag/slag__GS145.npy,166,0.002533,2,False,False
slag__GS146,slag,data/raw/slag/GS146.jpg,data/processed/slag/slag__GS146.npy,gray,none,1.0,slag__GS146,True,pseudo_pending,train,512,512,38,453,69,460,256,data/processed/masks/slag/slag__GS146.npy,78,0.00119,1,False,False
slag__GS147,slag,data/raw/slag/GS147.jpg,data/processed/slag/slag__GS147.npy,gray,none,1.0,slag__GS147,True,pseudo_pending,test,512,512,38,453,69,460,256,data/processed/masks/slag/slag__GS147.npy,47,0.000717,1,False,False
slag__GS148,slag,data/raw/slag/GS148.jpg,data/processed/slag/slag__GS148.npy,gray,none,1.0,slag__GS148,True,pseudo_pending,test,512,512,38,453,69,460,256,data/processed/masks/slag/slag__GS148.npy,113,0.001724,2,False,False
slag__GS149,slag,data/raw/slag/GS149.jpg,data/processed/slag/slag__GS149.npy,gray,none,1.0,slag__GS149,True,pseudo_pending,val,512,512,38,453,69,460,256,data/processed/masks/slag/slag__GS149.npy,10,0.000153,1,False,False
slag__GS14_1,slag,data/raw/slag/GS14_1.jpg,data/processed/slag/slag__GS14_1.npy,gray,none,1.0,slag__GS14,True,pseudo_pending,train,512,512,40,453,69,460,256,data/processed/masks/slag/slag__GS14_1.npy,64,0.000977,3,False,False
slag__GS14_2,slag,data/raw/slag/GS14_2.jpg,data/processed/slag/slag__GS14_2.npy,gray,none,1.0,slag__GS14,True,pseudo_pending,train,512,512,40,453,69,460,256,data/processed/masks/slag/slag__GS14_2.npy,155,0.002365,2,False,False
slag__GS14_3,slag,data/raw/slag/GS14_3.jpg,data/processed/slag/slag__GS14_3.npy,gray,none,1.0,slag__GS14,True,pseudo_pending,train,512,512,40,453,69,460,256,data/processed/masks/slag/slag__GS14_3.npy,121,0.001846,2,False,False
slag__GS150,slag,data/raw/slag/GS150.jpg,data/processed/slag/slag__GS150.npy,gray,none,1.0,slag__GS150,True,pseudo_pending,test,512,512,38,453,69,460,256,data/processed/masks/slag/slag__GS150.npy,82,0.001251,3,False,False
slag__GS151,slag,data/raw/slag/GS151.jpg,data/processed/slag/slag__GS151.npy,gray,none,1.0,slag__GS151,True,pseudo_pending,test,512,512,38,453,69,460,256,data/processed/masks/slag/slag__GS151.npy,160,0.002441,3,False,False
slag__GS151_2,slag,data/raw/slag/GS151_2.jpg,data/processed/slag/slag__GS151_2.npy,gray,none,1.0,slag__GS151,True,pseudo_pending,test,512,512,40,453,69,460,256,data/processed/masks/slag/slag__GS151_2.npy,158,0.002411,3,False,False
slag__GS151_3,slag,data/raw/slag/GS151_3.jpg,data/processed/slag/slag__GS151_3.npy,gray,none,1.0,slag__GS151,True,pseudo_pending,test,512,512,40,453,69,460,256,data/processed/masks/slag/slag__GS151_3.npy,54,0.000824,1,False,False
slag__GS152_1,slag,data/raw/slag/GS152_1.jpg,data/processed/slag/slag__GS152_1.npy,gray,none,1.0,slag__GS152,True,pseudo_pending,train,512,512,40,453,69,460,256,data/processed/masks/slag/slag__GS152_1.npy,128,0.001953,4,False,False
slag__GS152_2,slag,data/raw/slag/GS152_2.jpg,data/processed/slag/slag__GS152_2.npy,gray,none,1.0,slag__GS152,True,pseudo_pending,train,512,512,40,453,69,460,256,data/processed/masks/slag/slag__GS152_2.npy,120,0.001831,2,False,False
slag__GS152_3,slag,data/raw/slag/GS152_3.jpg,data/processed/slag/slag__GS152_3.npy,gray,none,1.0,slag__GS152,True,pseudo_pending,train,512,512,40,453,69,460,256,data/processed/masks/slag/slag__GS152_3.npy,139,0.002121,2,False,False
slag__GS153,slag,data/raw/slag/GS153.jpg,data/processed/slag/slag__GS153.npy,gray,none,1.0,slag__GS153,True,pseudo_pending,train,512,512,38,453,69,460,256,data/processed/masks/slag/slag__GS153.npy,125,0.001907,5,False,False
slag__GS153_2,slag,data/raw/slag/GS153_2.jpg,data/processed/slag/slag__GS153_2.npy,gray,none,1.0,slag__GS153,True,pseudo_pending,train,512,512,40,453,69,460,256,data/processed/masks/slag/slag__GS153_2.npy,67,0.001022,2,False,False
slag__GS153_3,slag,data/raw/slag/GS153_3.jpg,data/processed/slag/slag__GS153_3.npy,gray,none,1.0,slag__GS153,True,pseudo_pending,train,512,512,40,453,69,460,256,data/processed/masks/slag/slag__GS153_3.npy,90,0.001373,1,False,False
slag__GS154,slag,data/raw/slag/GS154.jpg,data/processed/slag/slag__GS154.npy,gray,none,1.0,slag__GS154,True,pseudo_pending,train,512,512,38,453,69,460,256,data/processed/masks/slag/slag__GS154.npy,221,0.003372,5,False,False
slag__GS154_1,slag,data/raw/slag/GS154_1.jpg,data/processed/slag/slag__GS154_1.npy,gray,none,1.0,slag__GS154,True,pseudo_pending,train,512,512,40,453,69,460,256,data/processed/masks/slag/slag__GS154_1.npy,13,0.000198,1,False,False
slag__GS154_2,slag,data/raw/slag/GS154_2.jpg,data/processed/slag/slag__GS154_2.npy,gray,none,1.0,slag__GS154,True,pseudo_pending,train,512,512,40,453,69,460,256,data/processed/masks/slag/slag__GS154_2.npy,26,0.000397,1,False,False
slag__GS154_3,slag,data/raw/slag/GS154_3.jpg,data/processed/slag/slag__GS154_3.npy,gray,none,1.0,slag__GS154,True,pseudo_pending,train,512,512,40,453,69,460,256,data/processed/masks/slag/slag__GS154_3.npy,127,0.001938,3,False,False
slag__GS155,slag,data/raw/slag/GS155.jpg,data/processed/slag/slag__GS155.npy,gray,none,1.0,slag__GS155,True,pseudo_pending,train,512,512,38,453,69,460,256,data/processed/masks/slag/slag__GS155.npy,66,0.001007,1,False,False
slag__GS155_1,slag,data/raw/slag/GS155_1.jpg,data/processed/slag/slag__GS155_1.npy,gray,none,1.0,slag__GS155,True,pseudo_pending,train,512,512,40,453,69,460,256,data/processed/masks/slag/slag__GS155_1.npy,102,0.001556,5,False,False
slag__GS155_2,slag,data/raw/slag/GS155_2.jpg,data/processed/slag/slag__GS155_2.npy,gray,none,1.0,slag__GS155,True,pseudo_pending,train,512,512,40,453,69,460,256,data/processed/masks/slag/slag__GS155_2.npy,175,0.00267,3,False,False
slag__GS156,slag,data/raw/slag/GS156.jpg,data/processed/slag/slag__GS156.npy,gray,none,1.0,slag__GS156,True,pseudo_pending,train,512,512,38,453,69,460,256,data/processed/masks/slag/slag__GS156.npy,64,0.000977,1,False,False
slag__GS156_2,slag,data/raw/slag/GS156_2.jpg,data/processed/slag/slag__GS156_2.npy,gray,none,1.0,slag__GS156,True,pseudo_pending,train,512,512,40,453,69,460,256,data/processed/masks/slag/slag__GS156_2.npy,159,0.002426,2,False,False
slag__GS157,slag,data/raw/slag/GS157.jpg,data/processed/slag/slag__GS157.npy,gray,none,1.0,slag__GS157,True,pseudo_pending,train,512,512,38,453,69,460,256,data/processed/masks/slag/slag__GS157.npy,103,0.001572,4,False,False
slag__GS157_1,slag,data/raw/slag/GS157_1.jpg,data/processed/slag/slag__GS157_1.npy,gray,none,1.0,slag__GS157,True,pseudo_pending,train,512,512,40,453,69,460,256,data/processed/masks/slag/slag__GS157_1.npy,128,0.001953,4,False,False
slag__GS157_2,slag,data/raw/slag/GS157_2.jpg,data/processed/slag/slag__GS157_2.npy,gray,none,1.0,slag__GS157,True,pseudo_pending,train,512,512,40,453,69,460,256,data/processed/masks/slag/slag__GS157_2.npy,124,0.001892,5,False,False
slag__GS158,slag,data/raw/slag/GS158.jpg,data/processed/slag/slag__GS158.npy,gray,none,1.0,slag__GS158,True,pseudo_pending,train,512,512,38,453,69,460,256,data/processed/masks/slag/slag__GS158.npy,38,0.00058,1,False,False
slag__GS158_1,slag,data/raw/slag/GS158_1.jpg,data/processed/slag/slag__GS158_1.npy,gray,none,1.0,slag__GS158,True,pseudo_pending,train,512,512,40,453,69,460,256,data/processed/masks/slag/slag__GS158_1.npy,41,0.000626,3,False,False
slag__GS158_2,slag,data/raw/slag/GS158_2.jpg,data/processed/slag/slag__GS158_2.npy,gray,none,1.0,slag__GS158,True,pseudo_pending,train,512,512,40,453,69,460,256,data/processed/masks/slag/slag__GS158_2.npy,102,0.001556,4,False,False
slag__GS159,slag,data/raw/slag/GS159.jpg,data/processed/slag/slag__GS159.npy,gray,none,1.0,slag__GS159,True,pseudo_pending,train,512,512,38,453,69,460,256,data/processed/masks/slag/slag__GS159.npy,51,0.000778,2,False,False
slag__GS159_2,slag,data/raw/slag/GS159_2.jpg,data/processed/slag/slag__GS159_2.npy,gray,none,1.0,slag__GS159,True,pseudo_pending,train,512,512,40,453,69,460,256,data/processed/masks/slag/slag__GS159_2.npy,207,0.003159,4,False,False
slag__GS15_1,slag,data/raw/slag/GS15_1.jpg,data/processed/slag/slag__GS15_1.npy,gray,none,1.0,slag__GS15,True,pseudo_pending,val,512,512,40,453,69,460,256,data/processed/masks/slag/slag__GS15_1.npy,112,0.001709,4,False,False
slag__GS15_2,slag,data/raw/slag/GS15_2.jpg,data/processed/slag/slag__GS15_2.npy,gray,none,1.0,slag__GS15,True,pseudo_pending,val,512,512,40,453,69,460,256,data/processed/masks/slag/slag__GS15_2.npy,152,0.002319,3,False,False
slag__GS160,slag,data/raw/slag/GS160.jpg,data/processed/slag/slag__GS160.npy,gray,none,1.0,slag__GS160,True,pseudo_pending,test,512,512,38,453,69,460,256,data/processed/masks/slag/slag__GS160.npy,80,0.001221,1,False,False
slag__GS160_2,slag,data/raw/slag/GS160_2.jpg,data/processed/slag/slag__GS160_2.npy,gray,none,1.0,slag__GS160,True,pseudo_pending,test,512,512,40,453,69,460,256,data/processed/masks/slag/slag__GS160_2.npy,143,0.002182,3,False,False
slag__GS160_3,slag,data/raw/slag/GS160_3.jpg,data/processed/slag/slag__GS160_3.npy,gray,none,1.0,slag__GS160,True,pseudo_pending,test,512,512,40,453,69,460,256,data/processed/masks/slag/slag__GS160_3.npy,108,0.001648,3,False,False
slag__GS161,slag,data/raw/slag/GS161.jpg,data/processed/slag/slag__GS161.npy,gray,none,1.0,slag__GS161,True,pseudo_pending,train,512,512,38,453,69,460,256,data/processed/masks/slag/slag__GS161.npy,135,0.00206,2,False,False
slag__GS161_1,slag,data/raw/slag/GS161_1.jpg,data/processed/slag/slag__GS161_1.npy,gray,none,1.0,slag__GS161,True,pseudo_pending,train,512,512,40,453,69,460,256,data/processed/masks/slag/slag__GS161_1.npy,216,0.003296,5,False,False
slag__GS161_2,slag,data/raw/slag/GS161_2.jpg,data/processed/slag/slag__GS161_2.npy,gray,none,1.0,slag__GS161,True,pseudo_pending,train,512,512,40,453,69,460,256,data/processed/masks/slag/slag__GS161_2.npy,126,0.001923,3,False,False
slag__GS162,slag,data/raw/slag/GS162.jpg,data/processed/slag/slag__GS162.npy,gray,none,1.0,slag__GS162,True,pseudo_pending,val,512,512,38,453,69,460,256,data/processed/masks/slag/slag__GS162.npy,107,0.001633,2,False,False
slag__GS162_1,slag,data/raw/slag/GS162_1.jpg,data/processed/slag/slag__GS162_1.npy,gray,none,1.0,slag__GS162,True,pseudo_pending,val,512,512,40,453,69,460,256,data/processed/masks/slag/slag__GS162_1.npy,132,0.002014,6,False,False
slag__GS162_2,slag,data/raw/slag/GS162_2.jpg,data/processed/slag/slag__GS162_2.npy,gray,none,1.0,slag__GS162,True,pseudo_pending,val,512,512,40,453,69,460,256,data/processed/masks/slag/slag__GS162_2.npy,54,0.000824,2,False,False
slag__GS163,slag,data/raw/slag/GS163.jpg,data/processed/slag/slag__GS163.npy,gray,none,1.0,slag__GS163,True,pseudo_pending,test,512,512,38,453,69,460,256,data/processed/masks/slag/slag__GS163.npy,68,0.001038,2,False,False
slag__GS163_2,slag,data/raw/slag/GS163_2.jpg,data/processed/slag/slag__GS163_2.npy,gray,none,1.0,slag__GS163,True,pseudo_pending,test,512,512,40,453,69,460,256,data/processed/masks/slag/slag__GS163_2.npy,240,0.003662,3,False,False
slag__GS164,slag,data/raw/slag/GS164.jpg,data/processed/slag/slag__GS164.npy,gray,none,1.0,slag__GS164,True,pseudo_pending,train,512,512,38,453,69,460,256,data/processed/masks/slag/slag__GS164.npy,68,0.001038,1,False,False
slag__GS164_2,slag,data/raw/slag/GS164_2.jpg,data/processed/slag/slag__GS164_2.npy,gray,none,1.0,slag__GS164,True,pseudo_pending,train,512,512,40,453,69,460,256,data/processed/masks/slag/slag__GS164_2.npy,196,0.002991,4,False,False
slag__GS164_3,slag,data/raw/slag/GS164_3.jpg,data/processed/slag/slag__GS164_3.npy,gray,none,1.0,slag__GS164,True,pseudo_pending,train,512,512,40,453,69,460,256,data/processed/masks/slag/slag__GS164_3.npy,94,0.001434,1,False,False
slag__GS165,slag,data/raw/slag/GS165.jpg,data/processed/slag/slag__GS165.npy,gray,none,1.0,slag__GS165,True,pseudo_pending,train,512,512,38,453,69,460,256,data/processed/masks/slag/slag__GS165.npy,150,0.002289,1,False,False
slag__GS165_1,slag,data/raw/slag/GS165_1.jpg,data/processed/slag/slag__GS165_1.npy,gray,none,1.0,slag__GS165,True,pseudo_pending,train,512,512,40,453,69,460,256,data/processed/masks/slag/slag__GS165_1.npy,92,0.001404,2,False,False
slag__GS165_2,slag,data/raw/slag/GS165_2.jpg,data/processed/slag/slag__GS165_2.npy,gray,none,1.0,slag__GS165,True,pseudo_pending,train,512,512,40,453,69,460,256,data/processed/masks/slag/slag__GS165_2.npy,85,0.001297,2,False,False
slag__GS166,slag,data/raw/slag/GS166.jpg,data/processed/slag/slag__GS166.npy,gray,none,1.0,slag__GS166,True,pseudo_pending,train,512,512,38,453,69,460,256,data/processed/masks/slag/slag__GS166.npy,81,0.001236,4,False,False
slag__GS166_1,slag,data/raw/slag/GS166_1.jpg,data/processed/slag/slag__GS166_1.npy,gray,none,1.0,slag__GS166,True,pseudo_pending,train,512,512,40,453,69,460,256,data/processed/masks/slag/slag__GS166_1.npy,179,0.002731,7,False,False
slag__GS166_2,slag,data/raw/slag/GS166_2.jpg,data/processed/slag/slag__GS166_2.npy,gray,none,1.0,slag__GS166,True,pseudo_pending,train,512,512,40,453,69,460,256,data/processed/masks/slag/slag__GS166_2.npy,13,0.000198,2,False,False
slag__GS166_3,slag,data/raw/slag/GS166_3.jpg,data/processed/slag/slag__GS166_3.npy,gray,none,1.0,slag__GS166,True,pseudo_pending,train,512,512,40,453,69,460,256,data/processed/masks/slag/slag__GS166_3.npy,225,0.003433,3,False,False
slag__GS167,slag,data/raw/slag/GS167.jpg,data/processed/slag/slag__GS167.npy,gray,none,1.0,slag__GS167,True,pseudo_pending,val,512,512,38,453,69,460,256,data/processed/masks/slag/slag__GS167.npy,47,0.000717,1,False,False
slag__GS167_1,slag,data/raw/slag/GS167_1.jpg,data/processed/slag/slag__GS167_1.npy,gray,none,1.0,slag__GS167,True,pseudo_pending,val,512,512,40,453,69,460,256,data/processed/masks/slag/slag__GS167_1.npy,30,0.000458,2,False,False
slag__GS167_2,slag,data/raw/slag/GS167_2.jpg,data/processed/slag/slag__GS167_2.npy,gray,none,1.0,slag__GS167,True,pseudo_pending,val,512,512,40,453,69,460,256,data/processed/masks/slag/slag__GS167_2.npy,122,0.001862,2,False,False
slag__GS167_3,slag,data/raw/slag/GS167_3.jpg,data/processed/slag/slag__GS167_3.npy,gray,none,1.0,slag__GS167,True,pseudo_pending,val,512,512,40,453,69,460,256,data/processed/masks/slag/slag__GS167_3.npy,90,0.001373,1,False,False
slag__GS168,slag,data/raw/slag/GS168.jpg,data/processed/slag/slag__GS168.npy,gray,none,1.0,slag__GS168,True,pseudo_pending,val,512,512,38,453,69,460,256,data/processed/masks/slag/slag__GS168.npy,214,0.003265,3,False,False
slag__GS168_1,slag,data/raw/slag/GS168_1.jpg,data/processed/slag/slag__GS168_1.npy,gray,none,1.0,slag__GS168,True,pseudo_pending,val,512,512,40,453,69,460,256,data/processed/masks/slag/slag__GS168_1.npy,109,0.001663,3,False,False
slag__GS168_2,slag,data/raw/slag/GS168_2.jpg,data/processed/slag/slag__GS168_2.npy,gray,none,1.0,slag__GS168,True,pseudo_pending,val,512,512,40,453,69,460,256,data/processed/masks/slag/slag__GS168_2.npy,77,0.001175,2,False,False
slag__GS168_3,slag,data/raw/slag/GS168_3.jpg,data/processed/slag/slag__GS168_3.npy,gray,none,1.0,slag__GS168,True,pseudo_pending,val,512,512,40,453,69,460,256,data/processed/masks/slag/slag__GS168_3.npy,58,0.000885,1,False,False
slag__GS169,slag,data/raw/slag/GS169.jpg,data/processed/slag/slag__GS169.npy,gray,none,1.0,slag__GS169,True,pseudo_pending,train,512,512,38,453,69,460,256,data/processed/masks/slag/slag__GS169.npy,226,0.003448,6,False,False
slag__GS169_1,slag,data/raw/slag/GS169_1.jpg,data/processed/slag/slag__GS169_1.npy,gray,none,1.0,slag__GS169,True,pseudo_pending,train,512,512,40,453,69,460,256,data/processed/masks/slag/slag__GS169_1.npy,337,0.005142,7,False,False
slag__GS169_2,slag,data/raw/slag/GS169_2.jpg,data/processed/slag/slag__GS169_2.npy,gray,none,1.0,slag__GS169,True,pseudo_pending,train,512,512,40,453,69,460,256,data/processed/masks/slag/slag__GS169_2.npy,210,0.003204,6,False,False
slag__GS170,slag,data/raw/slag/GS170.jpg,data/processed/slag/slag__GS170.npy,gray,none,1.0,slag__GS170,True,pseudo_pending,train,512,512,38,453,69,460,256,data/processed/masks/slag/slag__GS170.npy,121,0.001846,3,False,False
slag__GS170_1,slag,data/raw/slag/GS170_1.jpg,data/processed/slag/slag__GS170_1.npy,gray,none,1.0,slag__GS170,True,pseudo_pending,train,512,512,40,453,69,460,256,data/processed/masks/slag/slag__GS170_1.npy,224,0.003418,5,False,False
slag__GS170_2,slag,data/raw/slag/GS170_2.jpg,data/processed/slag/slag__GS170_2.npy,gray,none,1.0,slag__GS170,True,pseudo_pending,train,512,512,40,453,69,460,256,data/processed/masks/slag/slag__GS170_2.npy,145,0.002213,4,False,False
slag__GS171,slag,data/raw/slag/GS171.jpg,data/processed/slag/slag__GS171.npy,gray,none,1.0,slag__GS171,True,pseudo_pending,train,512,512,38,453,69,460,256,data/processed/masks/slag/slag__GS171.npy,75,0.001144,2,False,False
slag__GS171_1,slag,data/raw/slag/GS171_1.jpg,data/processed/slag/slag__GS171_1.npy,gray,none,1.0,slag__GS171,True,pseudo_pending,train,512,512,40,453,69,460,256,data/processed/masks/slag/slag__GS171_1.npy,51,0.000778,2,False,False
slag__GS171_2,slag,data/raw/slag/GS171_2.jpg,data/processed/slag/slag__GS171_2.npy,gray,none,1.0,slag__GS171,True,pseudo_pending,train,512,512,40,453,69,460,256,data/processed/masks/slag/slag__GS171_2.npy,156,0.00238,2,False,False
slag__GS171_3,slag,data/raw/slag/GS171_3.jpg,data/processed/slag/slag__GS171_3.npy,gray,none,1.0,slag__GS171,True,pseudo_pending,train,512,512,40,453,69,460,256,data/processed/masks/slag/slag__GS171_3.npy,127,0.001938,1,False,False
slag__GS172,slag,data/raw/slag/GS172.jpg,data/processed/slag/slag__GS172.npy,gray,none,1.0,slag__GS172,True,pseudo_pending,train,512,512,38,453,69,460,256,data/processed/masks/slag/slag__GS172.npy,40,0.00061,2,False,False
slag__GS172_1,slag,data/raw/slag/GS172_1.jpg,data/processed/slag/slag__GS172_1.npy,gray,none,1.0,slag__GS172,True,pseudo_pending,train,512,512,40,453,69,460,256,data/processed/masks/slag/slag__GS172_1.npy,334,0.005096,9,False,False
slag__GS172_2,slag,data/raw/slag/GS172_2.jpg,data/processed/slag/slag__GS172_2.npy,gray,none,1.0,slag__GS172,True,pseudo_pending,train,512,512,40,453,69,460,256,data/processed/masks/slag/slag__GS172_2.npy,204,0.003113,7,False,False
slag__GS173,slag,data/raw/slag/GS173.jpg,data/processed/slag/slag__GS173.npy,gray,none,1.0,slag__GS173,True,pseudo_pending,val,512,512,38,453,69,460,256,data/processed/masks/slag/slag__GS173.npy,325,0.004959,6,False,False
slag__GS174,slag,data/raw/slag/GS174.jpg,data/processed/slag/slag__GS174.npy,gray,none,1.0,slag__GS174,True,pseudo_pending,train,512,512,38,453,69,460,256,data/processed/masks/slag/slag__GS174.npy,68,0.001038,3,False,False
slag__GS175,slag,data/raw/slag/GS175.jpg,data/processed/slag/slag__GS175.npy,gray,none,1.0,slag__GS175,True,pseudo_pending,train,512,512,38,453,69,460,256,data/processed/masks/slag/slag__GS175.npy,151,0.002304,5,False,False
slag__GS175_2,slag,data/raw/slag/GS175_2.jpg,data/processed/slag/slag__GS175_2.npy,gray,none,1.0,slag__GS175,True,pseudo_pending,train,512,512,40,453,69,460,256,data/processed/masks/slag/slag__GS175_2.npy,197,0.003006,4,False,False
slag__GS176,slag,data/raw/slag/GS176.jpg,data/processed/slag/slag__GS176.npy,gray,none,1.0,slag__GS176,True,pseudo_pending,train,512,512,38,453,69,460,256,data/processed/masks/slag/slag__GS176.npy,60,0.000916,2,False,False
slag__GS176_1,slag,data/raw/slag/GS176_1.jpg,data/processed/slag/slag__GS176_1.npy,gray,none,1.0,slag__GS176,True,pseudo_pending,train,512,512,40,453,69,460,256,data/processed/masks/slag/slag__GS176_1.npy,85,0.001297,3,False,False
slag__GS176_2,slag,data/raw/slag/GS176_2.jpg,data/processed/slag/slag__GS176_2.npy,gray,none,1.0,slag__GS176,True,pseudo_pending,train,512,512,40,453,69,460,256,data/processed/masks/slag/slag__GS176_2.npy,160,0.002441,3,False,False
slag__GS177,slag,data/raw/slag/GS177.jpg,data/processed/slag/slag__GS177.npy,gray,none,1.0,slag__GS177,True,pseudo_pending,train,512,512,38,453,69,460,256,data/processed/masks/slag/slag__GS177.npy,36,0.000549,1,False,False
slag__GS177_2,slag,data/raw/slag/GS177_2.jpg,data/processed/slag/slag__GS177_2.npy,gray,none,1.0,slag__GS177,True,pseudo_pending,train,512,512,40,453,69,460,256,data/processed/masks/slag/slag__GS177_2.npy,166,0.002533,2,False,False
slag__GS177_3,slag,data/raw/slag/GS177_3.jpg,data/processed/slag/slag__GS177_3.npy,gray,none,1.0,slag__GS177,True,pseudo_pending,train,512,512,40,453,69,460,256,data/processed/masks/slag/slag__GS177_3.npy,110,0.001678,1,False,False
slag__GS178,slag,data/raw/slag/GS178.jpg,data/processed/slag/slag__GS178.npy,gray,none,1.0,slag__GS178,True,pseudo_pending,train,512,512,38,453,69,460,256,data/processed/masks/slag/slag__GS178.npy,85,0.001297,1,False,False
slag__GS178_1,slag,data/raw/slag/GS178_1.jpg,data/processed/slag/slag__GS178_1.npy,gray,none,1.0,slag__GS178,True,pseudo_pending,train,512,512,40,453,69,460,256,data/processed/masks/slag/slag__GS178_1.npy,101,0.001541,3,False,False
slag__GS178_2,slag,data/raw/slag/GS178_2.jpg,data/processed/slag/slag__GS178_2.npy,gray,none,1.0,slag__GS178,True,pseudo_pending,train,512,512,40,453,69,460,256,data/processed/masks/slag/slag__GS178_2.npy,63,0.000961,1,False,False
slag__GS178_3,slag,data/raw/slag/GS178_3.jpg,data/processed/slag/slag__GS178_3.npy,gray,none,1.0,slag__GS178,True,pseudo_pending,train,512,512,40,453,69,460,256,data/processed/masks/slag/slag__GS178_3.npy,105,0.001602,1,False,False
slag__GS179,slag,data/raw/slag/GS179.jpg,data/processed/slag/slag__GS179.npy,gray,none,1.0,slag__GS179,True,pseudo_pending,val,512,512,38,453,69,460,256,data/processed/masks/slag/slag__GS179.npy,112,0.001709,2,False,False
slag__GS179_2,slag,data/raw/slag/GS179_2.jpg,data/processed/slag/slag__GS179_2.npy,gray,none,1.0,slag__GS179,True,pseudo_pending,val,512,512,40,453,69,460,256,data/processed/masks/slag/slag__GS179_2.npy,131,0.001999,2,False,False
slag__GS179_3,slag,data/raw/slag/GS179_3.jpg,data/processed/slag/slag__GS179_3.npy,gray,none,1.0,slag__GS179,True,pseudo_pending,val,512,512,40,453,69,460,256,data/processed/masks/slag/slag__GS179_3.npy,76,0.00116,2,False,False
slag__GS180,slag,data/raw/slag/GS180.jpg,data/processed/slag/slag__GS180.npy,gray,none,1.0,slag__GS180,True,pseudo_pending,test,512,512,38,453,69,460,256,data/processed/masks/slag/slag__GS180.npy,98,0.001495,3,False,False
slag__GS180_1,slag,data/raw/slag/GS180_1.jpg,data/processed/slag/slag__GS180_1.npy,gray,none,1.0,slag__GS180,True,pseudo_pending,test,512,512,40,453,69,460,256,data/processed/masks/slag/slag__GS180_1.npy,62,0.000946,7,False,False
slag__GS180_2,slag,data/raw/slag/GS180_2.jpg,data/processed/slag/slag__GS180_2.npy,gray,none,1.0,slag__GS180,True,pseudo_pending,test,512,512,40,453,69,460,256,data/processed/masks/slag/slag__GS180_2.npy,27,0.000412,3,False,False
slag__GS180_3,slag,data/raw/slag/GS180_3.jpg,data/processed/slag/slag__GS180_3.npy,gray,none,1.0,slag__GS180,True,pseudo_pending,test,512,512,40,453,69,460,256,data/processed/masks/slag/slag__GS180_3.npy,103,0.001572,4,False,False
slag__GS181,slag,data/raw/slag/GS181.jpg,data/processed/slag/slag__GS181.npy,gray,none,1.0,slag__GS181,True,pseudo_pending,train,512,512,38,453,69,460,256,data/processed/masks/slag/slag__GS181.npy,75,0.001144,2,False,False
slag__GS181_1,slag,data/raw/slag/GS181_1.jpg,data/processed/slag/slag__GS181_1.npy,gray,none,1.0,slag__GS181,True,pseudo_pending,train,512,512,40,453,69,460,256,data/processed/masks/slag/slag__GS181_1.npy,134,0.002045,7,False,False
slag__GS181_2,slag,data/raw/slag/GS181_2.jpg,data/processed/slag/slag__GS181_2.npy,gray,none,1.0,slag__GS181,True,pseudo_pending,train,512,512,40,453,69,460,256,data/processed/masks/slag/slag__GS181_2.npy,49,0.000748,2,False,False
slag__GS182,slag,data/raw/slag/GS182.jpg,data/processed/slag/slag__GS182.npy,gray,none,1.0,slag__GS182,True,pseudo_pending,train,512,512,38,453,69,460,256,data/processed/masks/slag/slag__GS182.npy,66,0.001007,2,False,False
slag__GS182_1,slag,data/raw/slag/GS182_1.jpg,data/processed/slag/slag__GS182_1.npy,gray,none,1.0,slag__GS182,True,pseudo_pending,train,512,512,40,453,69,460,256,data/processed/masks/slag/slag__GS182_1.npy,357,0.005447,8,False,False
slag__GS182_2,slag,data/raw/slag/GS182_2.jpg,data/processed/slag/slag__GS182_2.npy,gray,none,1.0,slag__GS182,True,pseudo_pending,train,512,512,40,453,69,460,256,data/processed/masks/slag/slag__GS182_2.npy,202,0.003082,5,False,False
slag__GS183,slag,data/raw/slag/GS183.jpg,data/processed/slag/slag__GS183.npy,gray,none,1.0,slag__GS183,True,pseudo_pending,test,512,512,38,453,69,460,256,data/processed/masks/slag/slag__GS183.npy,51,0.000778,1,False,False
slag__GS183_1,slag,data/raw/slag/GS183_1.jpg,data/processed/slag/slag__GS183_1.npy,gray,none,1.0,slag__GS183,True,pseudo_pending,test,512,512,40,453,69,460,256,data/processed/masks/slag/slag__GS183_1.npy,168,0.002563,2,False,False
slag__GS183_2,slag,data/raw/slag/GS183_2.jpg,data/processed/slag/slag__GS183_2.npy,gray,none,1.0,slag__GS183,True,pseudo_pending,test,512,512,40,453,69,460,256,data/processed/masks/slag/slag__GS183_2.npy,127,0.001938,2,False,False
slag__GS184,slag,data/raw/slag/GS184.jpg,data/processed/slag/slag__GS184.npy,gray,none,1.0,slag__GS184,True,pseudo_pending,val,512,512,38,453,69,460,256,data/processed/masks/slag/slag__GS184.npy,147,0.002243,3,False,False
slag__GS184_1,slag,data/raw/slag/GS184_1.jpg,data/processed/slag/slag__GS184_1.npy,gray,none,1.0,slag__GS184,True,pseudo_pending,val,512,512,38,453,69,460,256,data/processed/masks/slag/slag__GS184_1.npy,162,0.002472,7,False,False
slag__GS184_2,slag,data/raw/slag/GS184_2.jpg,data/processed/slag/slag__GS184_2.npy,gray,none,1.0,slag__GS184,True,pseudo_pending,val,512,512,40,453,69,460,256,data/processed/masks/slag/slag__GS184_2.npy,129,0.001968,4,False,False
slag__GS185,slag,data/raw/slag/GS185.jpg,data/processed/slag/slag__GS185.npy,gray,none,1.0,slag__GS185,True,pseudo_pending,train,512,512,38,453,69,460,256,data/processed/masks/slag/slag__GS185.npy,118,0.001801,2,False,False
slag__GS185_1,slag,data/raw/slag/GS185_1.jpg,data/processed/slag/slag__GS185_1.npy,gray,none,1.0,slag__GS185,True,pseudo_pending,train,512,512,40,453,69,460,256,data/processed/masks/slag/slag__GS185_1.npy,106,0.001617,4,False,False
slag__GS185_2,slag,data/raw/slag/GS185_2.jpg,data/processed/slag/slag__GS185_2.npy,gray,none,1.0,slag__GS185,True,pseudo_pending,train,512,512,40,453,69,460,256,data/processed/masks/slag/slag__GS185_2.npy,132,0.002014,2,False,False
slag__GS186,slag,data/raw/slag/GS186.jpg,data/processed/slag/slag__GS186.npy,gray,none,1.0,slag__GS186,True,pseudo_pending,train,512,512,38,453,69,460,256,data/processed/masks/slag/slag__GS186.npy,99,0.001511,1,False,False
slag__GS187,slag,data/raw/slag/GS187.jpg,data/processed/slag/slag__GS187.npy,gray,none,1.0,slag__GS187,True,pseudo_pending,train,512,512,38,453,69,460,256,data/processed/masks/slag/slag__GS187.npy,223,0.003403,6,False,False
slag__GS188,slag,data/raw/slag/GS188.jpg,data/processed/slag/slag__GS188.npy,gray,none,1.0,slag__GS188,True,pseudo_pending,train,512,512,38,453,69,460,256,data/processed/masks/slag/slag__GS188.npy,96,0.001465,1,False,False
slag__GS189,slag,data/raw/slag/GS189.jpg,data/processed/slag/slag__GS189.npy,gray,none,1.0,slag__GS189,True,pseudo_pending,train,512,512,38,453,69,460,256,data/processed/masks/slag/slag__GS189.npy,138,0.002106,4,False,False
slag__GS190,slag,data/raw/slag/GS190.jpg,data/processed/slag/slag__GS190.npy,gray,none,1.0,slag__GS190,True,pseudo_pending,train,512,512,38,453,69,460,256,data/processed/masks/slag/slag__GS190.npy,48,0.000732,1,False,False
slag__GS191,slag,data/raw/slag/GS191.jpg,data/processed/slag/slag__GS191.npy,gray,none,1.0,slag__GS191,True,pseudo_pending,train,512,512,38,453,69,460,256,data/processed/masks/slag/slag__GS191.npy,139,0.002121,1,False,False
slag__GS192,slag,data/raw/slag/GS192.jpg,data/processed/slag/slag__GS192.npy,gray,none,1.0,slag__GS192,True,pseudo_pending,train,512,512,38,453,69,460,256,data/processed/masks/slag/slag__GS192.npy,68,0.001038,2,False,False
slag__GS193,slag,data/raw/slag/GS193.jpg,data/processed/slag/slag__GS193.npy,gray,none,1.0,slag__GS193,True,pseudo_pending,train,512,512,38,453,69,460,256,data/processed/masks/slag/slag__GS193.npy,69,0.001053,1,False,False
slag__GS194,slag,data/raw/slag/GS194.jpg,data/processed/slag/slag__GS194.npy,gray,none,1.0,slag__GS194,True,pseudo_pending,test,512,512,38,453,69,460,256,data/processed/masks/slag/slag__GS194.npy,84,0.001282,2,False,False
slag__GS195,slag,data/raw/slag/GS195.jpg,data/processed/slag/slag__GS195.npy,gray,none,1.0,slag__GS195,True,pseudo_pending,train,512,512,38,453,69,460,256,data/processed/masks/slag/slag__GS195.npy,95,0.00145,2,False,False
slag__GS196,slag,data/raw/slag/GS196.jpg,data/processed/slag/slag__GS196.npy,gray,none,1.0,slag__GS196,True,pseudo_pending,train,512,512,38,453,69,460,256,data/processed/masks/slag/slag__GS196.npy,99,0.001511,1,False,False
slag__GS197,slag,data/raw/slag/GS197.jpg,data/processed/slag/slag__GS197.npy,gray,none,1.0,slag__GS197,True,pseudo_pending,train,512,512,38,453,69,460,256,data/processed/masks/slag/slag__GS197.npy,161,0.002457,4,False,False
slag__GS198,slag,data/raw/slag/GS198.jpg,data/processed/slag/slag__GS198.npy,gray,none,1.0,slag__GS198,True,pseudo_pending,train,512,512,38,453,69,460,256,data/processed/masks/slag/slag__GS198.npy,54,0.000824,1,False,False
slag__GS199,slag,data/raw/slag/GS199.jpg,data/processed/slag/slag__GS199.npy,gray,none,1.0,slag__GS199,True,pseudo_pending,test,512,512,38,453,69,460,256,data/processed/masks/slag/slag__GS199.npy,129,0.001968,4,False,False
slag__GS19_2,slag,data/raw/slag/GS19_2.jpg,data/processed/slag/slag__GS19_2.npy,gray,none,1.0,slag__GS19,True,pseudo_pending,train,512,512,40,453,69,460,256,data/processed/masks/slag/slag__GS19_2.npy,94,0.001434,1,False,False
slag__GS1_2,slag,data/raw/slag/GS1_2.jpg,data/processed/slag/slag__GS1_2.npy,gray,none,1.0,slag__GS1,True,pseudo_pending,train,512,512,40,453,69,460,256,data/processed/masks/slag/slag__GS1_2.npy,120,0.001831,2,False,False
slag__GS1_3,slag,data/raw/slag/GS1_3.jpg,data/processed/slag/slag__GS1_3.npy,gray,none,1.0,slag__GS1,True,pseudo_pending,train,512,512,40,453,69,460,256,data/processed/masks/slag/slag__GS1_3.npy,94,0.001434,1,False,False
slag__GS2,slag,data/raw/slag/GS2.jpg,data/processed/slag/slag__GS2.npy,gray,none,1.0,slag__GS2,True,pseudo_pending,val,512,512,38,453,69,460,256,data/processed/masks/slag/slag__GS2.npy,92,0.001404,1,False,False
slag__GS200,slag,data/raw/slag/GS200.jpg,data/processed/slag/slag__GS200.npy,gray,none,1.0,slag__GS200,True,pseudo_pending,train,512,512,38,453,69,460,256,data/processed/masks/slag/slag__GS200.npy,119,0.001816,2,False,False
slag__GS201,slag,data/raw/slag/GS201.jpg,data/processed/slag/slag__GS201.npy,gray,none,1.0,slag__GS201,True,pseudo_pending,train,512,512,38,453,69,460,256,data/processed/masks/slag/slag__GS201.npy,140,0.002136,2,False,False
slag__GS202,slag,data/raw/slag/GS202.jpg,data/processed/slag/slag__GS202.npy,gray,none,1.0,slag__GS202,True,pseudo_pending,train,512,512,38,453,69,460,256,data/processed/masks/slag/slag__GS202.npy,70,0.001068,2,False,False
slag__GS203,slag,data/raw/slag/GS203.jpg,data/processed/slag/slag__GS203.npy,gray,none,1.0,slag__GS203,True,pseudo_pending,train,512,512,38,453,69,460,256,data/processed/masks/slag/slag__GS203.npy,86,0.001312,1,False,False
slag__GS206,slag,data/raw/slag/GS206.jpg,data/processed/slag/slag__GS206.npy,gray,none,1.0,slag__GS206,True,pseudo_pending,val,512,512,38,453,69,460,256,data/processed/masks/slag/slag__GS206.npy,127,0.001938,3,False,False
slag__GS207,slag,data/raw/slag/GS207.jpg,data/processed/slag/slag__GS207.npy,gray,none,1.0,slag__GS207,True,pseudo_pending,train,512,512,38,453,69,460,256,data/processed/masks/slag/slag__GS207.npy,93,0.001419,4,False,False
slag__GS208,slag,data/raw/slag/GS208.jpg,data/processed/slag/slag__GS208.npy,gray,none,1.0,slag__GS208,True,pseudo_pending,test,512,512,38,453,69,460,256,data/processed/masks/slag/slag__GS208.npy,175,0.00267,4,False,False
slag__GS209,slag,data/raw/slag/GS209.jpg,data/processed/slag/slag__GS209.npy,gray,none,1.0,slag__GS209,True,pseudo_pending,val,512,512,38,453,69,460,256,data/processed/masks/slag/slag__GS209.npy,161,0.002457,2,False,False
slag__GS20_2,slag,data/raw/slag/GS20_2.jpg,data/processed/slag/slag__GS20_2.npy,gray,none,1.0,slag__GS20,True,pseudo_pending,train,512,512,40,453,69,460,256,data/processed/masks/slag/slag__GS20_2.npy,104,0.001587,1,False,False
slag__GS20_3,slag,data/raw/slag/GS20_3.jpg,data/processed/slag/slag__GS20_3.npy,gray,none,1.0,slag__GS20,True,pseudo_pending,train,512,512,40,453,69,460,256,data/processed/masks/slag/slag__GS20_3.npy,98,0.001495,2,False,False
slag__GS210,slag,data/raw/slag/GS210.jpg,data/processed/slag/slag__GS210.npy,gray,none,1.0,slag__GS210,True,pseudo_pending,train,512,512,38,453,69,460,256,data/processed/masks/slag/slag__GS210.npy,131,0.001999,4,False,False
slag__GS211,slag,data/raw/slag/GS211.jpg,data/processed/slag/slag__GS211.npy,gray,none,1.0,slag__GS211,True,pseudo_pending,train,512,512,38,453,69,460,256,data/processed/masks/slag/slag__GS211.npy,131,0.001999,3,False,False
slag__GS212,slag,data/raw/slag/GS212.jpg,data/processed/slag/slag__GS212.npy,gray,none,1.0,slag__GS212,True,pseudo_pending,train,512,512,38,453,69,460,256,data/processed/masks/slag/slag__GS212.npy,42,0.000641,3,False,False
slag__GS213,slag,data/raw/slag/GS213.jpg,data/processed/slag/slag__GS213.npy,gray,none,1.0,slag__GS213,True,pseudo_pending,train,512,512,38,453,69,460,256,data/processed/masks/slag/slag__GS213.npy,116,0.00177,4,False,False
slag__GS214,slag,data/raw/slag/GS214.jpg,data/processed/slag/slag__GS214.npy,gray,none,1.0,slag__GS214,True,pseudo_pending,train,512,512,38,453,69,460,256,data/processed/masks/slag/slag__GS214.npy,217,0.003311,3,False,False
slag__GS215,slag,data/raw/slag/GS215.jpg,data/processed/slag/slag__GS215.npy,gray,none,1.0,slag__GS215,True,pseudo_pending,train,512,512,38,453,69,460,256,data/processed/masks/slag/slag__GS215.npy,146,0.002228,3,False,False
slag__GS216,slag,data/raw/slag/GS216.jpg,data/processed/slag/slag__GS216.npy,gray,none,1.0,slag__GS216,True,pseudo_pending,train,512,512,38,453,69,460,256,data/processed/masks/slag/slag__GS216.npy,107,0.001633,3,False,False
slag__GS217,slag,data/raw/slag/GS217.jpg,data/processed/slag/slag__GS217.npy,gray,none,1.0,slag__GS217,True,pseudo_pending,train,512,512,38,453,69,460,256,data/processed/masks/slag/slag__GS217.npy,226,0.003448,7,False,False
slag__GS218,slag,data/raw/slag/GS218.jpg,data/processed/slag/slag__GS218.npy,gray,none,1.0,slag__GS218,True,pseudo_pending,val,512,512,38,453,69,460,256,data/processed/masks/slag/slag__GS218.npy,129,0.001968,3,False,False
slag__GS219,slag,data/raw/slag/GS219.jpg,data/processed/slag/slag__GS219.npy,gray,none,1.0,slag__GS219,True,pseudo_pending,train,512,512,38,453,69,460,256,data/processed/masks/slag/slag__GS219.npy,136,0.002075,6,False,False
slag__GS21_1,slag,data/raw/slag/GS21_1.jpg,data/processed/slag/slag__GS21_1.npy,gray,none,1.0,slag__GS21,True,pseudo_pending,test,512,512,40,453,69,460,256,data/processed/masks/slag/slag__GS21_1.npy,73,0.001114,2,False,False
slag__GS21_3,slag,data/raw/slag/GS21_3.jpg,data/processed/slag/slag__GS21_3.npy,gray,none,1.0,slag__GS21,True,pseudo_pending,test,512,512,40,453,69,460,256,data/processed/masks/slag/slag__GS21_3.npy,110,0.001678,1,False,False
slag__GS22,slag,data/raw/slag/GS22.jpg,data/processed/slag/slag__GS22.npy,gray,none,1.0,slag__GS22,True,pseudo_pending,test,512,512,38,453,69,460,256,data/processed/masks/slag/slag__GS22.npy,152,0.002319,2,False,False
slag__GS220,slag,data/raw/slag/GS220.jpg,data/processed/slag/slag__GS220.npy,gray,none,1.0,slag__GS220,True,pseudo_pending,train,512,512,38,453,69,460,256,data/processed/masks/slag/slag__GS220.npy,53,0.000809,2,False,False
slag__GS221,slag,data/raw/slag/GS221.jpg,data/processed/slag/slag__GS221.npy,gray,none,1.0,slag__GS221,True,pseudo_pending,train,512,512,38,453,69,460,256,data/processed/masks/slag/slag__GS221.npy,238,0.003632,3,False,False
slag__GS222,slag,data/raw/slag/GS222.jpg,data/processed/slag/slag__GS222.npy,gray,none,1.0,slag__GS222,True,pseudo_pending,train,512,512,38,453,69,460,256,data/processed/masks/slag/slag__GS222.npy,198,0.003021,3,False,False
slag__GS223,slag,data/raw/slag/GS223.jpg,data/processed/slag/slag__GS223.npy,gray,none,1.0,slag__GS223,True,pseudo_pending,train,512,512,38,453,69,460,256,data/processed/masks/slag/slag__GS223.npy,93,0.001419,1,False,False
slag__GS224,slag,data/raw/slag/GS224.jpg,data/processed/slag/slag__GS224.npy,gray,none,1.0,slag__GS224,True,pseudo_pending,train,512,512,38,453,69,460,256,data/processed/masks/slag/slag__GS224.npy,92,0.001404,2,False,False
slag__GS225,slag,data/raw/slag/GS225.jpg,data/processed/slag/slag__GS225.npy,gray,none,1.0,slag__GS225,True,pseudo_pending,train,512,512,38,453,69,460,256,data/processed/masks/slag/slag__GS225.npy,88,0.001343,2,False,False
slag__GS226,slag,data/raw/slag/GS226.jpg,data/processed/slag/slag__GS226.npy,gray,none,1.0,slag__GS226,True,pseudo_pending,val,512,512,38,453,69,460,256,data/processed/masks/slag/slag__GS226.npy,179,0.002731,7,False,False
slag__GS227,slag,data/raw/slag/GS227.jpg,data/processed/slag/slag__GS227.npy,gray,none,1.0,slag__GS227,True,pseudo_pending,train,512,512,38,453,69,460,256,data/processed/masks/slag/slag__GS227.npy,225,0.003433,3,False,False
slag__GS228,slag,data/raw/slag/GS228.jpg,data/processed/slag/slag__GS228.npy,gray,none,1.0,slag__GS228,True,pseudo_pending,train,512,512,38,453,69,460,256,data/processed/masks/slag/slag__GS228.npy,31,0.000473,2,False,False
slag__GS229,slag,data/raw/slag/GS229.jpg,data/processed/slag/slag__GS229.npy,gray,none,1.0,slag__GS229,True,pseudo_pending,train,512,512,38,453,69,460,256,data/processed/masks/slag/slag__GS229.npy,129,0.001968,2,False,False
slag__GS22_1,slag,data/raw/slag/GS22_1.jpg,data/processed/slag/slag__GS22_1.npy,gray,none,1.0,slag__GS22,True,pseudo_pending,test,512,512,40,453,69,460,256,data/processed/masks/slag/slag__GS22_1.npy,142,0.002167,11,False,False
slag__GS22_2,slag,data/raw/slag/GS22_2.jpg,data/processed/slag/slag__GS22_2.npy,gray,none,1.0,slag__GS22,True,pseudo_pending,test,512,512,40,453,69,460,256,data/processed/masks/slag/slag__GS22_2.npy,100,0.001526,2,False,False
slag__GS23,slag,data/raw/slag/GS23.jpg,data/processed/slag/slag__GS23.npy,gray,none,1.0,slag__GS23,True,pseudo_pending,train,512,512,38,453,69,460,256,data/processed/masks/slag/slag__GS23.npy,122,0.001862,2,False,False
slag__GS230,slag,data/raw/slag/GS230.jpg,data/processed/slag/slag__GS230.npy,gray,none,1.0,slag__GS230,True,pseudo_pending,test,512,512,38,453,69,460,256,data/processed/masks/slag/slag__GS230.npy,92,0.001404,1,False,False
slag__GS231,slag,data/raw/slag/GS231.jpg,data/processed/slag/slag__GS231.npy,gray,none,1.0,slag__GS231,True,pseudo_pending,train,512,512,38,453,69,460,256,data/processed/masks/slag/slag__GS231.npy,113,0.001724,3,False,False
slag__GS232,slag,data/raw/slag/GS232.jpg,data/processed/slag/slag__GS232.npy,gray,none,1.0,slag__GS232,True,pseudo_pending,test,512,512,38,453,69,460,256,data/processed/masks/slag/slag__GS232.npy,80,0.001221,2,False,False
slag__GS233,slag,data/raw/slag/GS233.jpg,data/processed/slag/slag__GS233.npy,gray,none,1.0,slag__GS233,True,pseudo_pending,train,512,512,38,453,69,460,256,data/processed/masks/slag/slag__GS233.npy,60,0.000916,1,False,False
slag__GS234,slag,data/raw/slag/GS234.jpg,data/processed/slag/slag__GS234.npy,gray,none,1.0,slag__GS234,True,pseudo_pending,train,512,512,38,453,69,460,256,data/processed/masks/slag/slag__GS234.npy,339,0.005173,7,False,False
slag__GS235,slag,data/raw/slag/GS235.jpg,data/processed/slag/slag__GS235.npy,gray,none,1.0,slag__GS235,True,pseudo_pending,train,512,512,38,453,69,460,256,data/processed/masks/slag/slag__GS235.npy,211,0.00322,7,False,False
slag__GS236,slag,data/raw/slag/GS236.jpg,data/processed/slag/slag__GS236.npy,gray,none,1.0,slag__GS236,True,pseudo_pending,test,512,512,38,453,69,460,256,data/processed/masks/slag/slag__GS236.npy,228,0.003479,5,False,False
slag__GS237,slag,data/raw/slag/GS237.jpg,data/processed/slag/slag__GS237.npy,gray,none,1.0,slag__GS237,True,pseudo_pending,train,512,512,38,453,69,460,256,data/processed/masks/slag/slag__GS237.npy,142,0.002167,4,False,False
slag__GS238,slag,data/raw/slag/GS238.jpg,data/processed/slag/slag__GS238.npy,gray,none,1.0,slag__GS238,True,pseudo_pending,train,512,512,38,453,69,460,256,data/processed/masks/slag/slag__GS238.npy,54,0.000824,2,False,False
slag__GS239,slag,data/raw/slag/GS239.jpg,data/processed/slag/slag__GS239.npy,gray,none,1.0,slag__GS239,True,pseudo_pending,val,512,512,38,453,69,460,256,data/processed/masks/slag/slag__GS239.npy,155,0.002365,2,False,False
slag__GS23_1,slag,data/raw/slag/GS23_1.jpg,data/processed/slag/slag__GS23_1.npy,gray,none,1.0,slag__GS23,True,pseudo_pending,train,512,512,40,453,69,460,256,data/processed/masks/slag/slag__GS23_1.npy,79,0.001205,5,False,False
slag__GS23_2,slag,data/raw/slag/GS23_2.jpg,data/processed/slag/slag__GS23_2.npy,gray,none,1.0,slag__GS23,True,pseudo_pending,train,512,512,40,453,69,460,256,data/processed/masks/slag/slag__GS23_2.npy,68,0.001038,1,False,False
slag__GS23_3,slag,data/raw/slag/GS23_3.jpg,data/processed/slag/slag__GS23_3.npy,gray,none,1.0,slag__GS23,True,pseudo_pending,train,512,512,40,453,69,460,256,data/processed/masks/slag/slag__GS23_3.npy,127,0.001938,1,False,False
slag__GS24,slag,data/raw/slag/GS24.jpg,data/processed/slag/slag__GS24.npy,gray,none,1.0,slag__GS24,True,pseudo_pending,train,512,512,38,453,69,460,256,data/processed/masks/slag/slag__GS24.npy,113,0.001724,4,False,False
slag__GS240,slag,data/raw/slag/GS240.jpg,data/processed/slag/slag__GS240.npy,gray,none,1.0,slag__GS240,True,pseudo_pending,train,512,512,38,453,69,460,256,data/processed/masks/slag/slag__GS240.npy,128,0.001953,1,False,False
slag__GS241,slag,data/raw/slag/GS241.jpg,data/processed/slag/slag__GS241.npy,gray,none,1.0,slag__GS241,True,pseudo_pending,train,512,512,38,453,69,460,256,data/processed/masks/slag/slag__GS241.npy,327,0.00499,9,False,False
slag__GS242,slag,data/raw/slag/GS242.jpg,data/processed/slag/slag__GS242.npy,gray,none,1.0,slag__GS242,True,pseudo_pending,val,512,512,38,453,69,460,256,data/processed/masks/slag/slag__GS242.npy,200,0.003052,7,False,False
slag__GS243,slag,data/raw/slag/GS243.jpg,data/processed/slag/slag__GS243.npy,gray,none,1.0,slag__GS243,True,pseudo_pending,test,512,512,38,453,69,460,256,data/processed/masks/slag/slag__GS243.npy,205,0.003128,4,False,False
slag__GS244,slag,data/raw/slag/GS244.jpg,data/processed/slag/slag__GS244.npy,gray,none,1.0,slag__GS244,True,pseudo_pending,train,512,512,38,453,69,460,256,data/processed/masks/slag/slag__GS244.npy,84,0.001282,3,False,False
slag__GS245,slag,data/raw/slag/GS245.jpg,data/processed/slag/slag__GS245.npy,gray,none,1.0,slag__GS245,True,pseudo_pending,train,512,512,38,453,69,460,256,data/processed/masks/slag/slag__GS245.npy,165,0.002518,3,False,False
slag__GS246,slag,data/raw/slag/GS246.jpg,data/processed/slag/slag__GS246.npy,gray,none,1.0,slag__GS246,True,pseudo_pending,val,512,512,38,453,69,460,256,data/processed/masks/slag/slag__GS246.npy,168,0.002563,2,False,False
slag__GS247,slag,data/raw/slag/GS247.jpg,data/processed/slag/slag__GS247.npy,gray,none,1.0,slag__GS247,True,pseudo_pending,train,512,512,38,453,69,460,256,data/processed/masks/slag/slag__GS247.npy,112,0.001709,1,False,False
slag__GS248,slag,data/raw/slag/GS248.jpg,data/processed/slag/slag__GS248.npy,gray,none,1.0,slag__GS248,True,pseudo_pending,test,512,512,38,453,69,460,256,data/processed/masks/slag/slag__GS248.npy,98,0.001495,3,False,False
slag__GS249,slag,data/raw/slag/GS249.jpg,data/processed/slag/slag__GS249.npy,gray,none,1.0,slag__GS249,True,pseudo_pending,train,512,512,38,453,69,460,256,data/processed/masks/slag/slag__GS249.npy,64,0.000977,1,False,False
slag__GS24_3,slag,data/raw/slag/GS24_3.jpg,data/processed/slag/slag__GS24_3.npy,gray,none,1.0,slag__GS24,True,pseudo_pending,train,512,512,40,453,69,460,256,data/processed/masks/slag/slag__GS24_3.npy,67,0.001022,1,False,False
slag__GS25,slag,data/raw/slag/GS25.jpg,data/processed/slag/slag__GS25.npy,gray,none,1.0,slag__GS25,True,pseudo_pending,val,512,512,38,453,69,460,256,data/processed/masks/slag/slag__GS25.npy,152,0.002319,3,False,False
slag__GS250,slag,data/raw/slag/GS250.jpg,data/processed/slag/slag__GS250.npy,gray,none,1.0,slag__GS250,True,pseudo_pending,train,512,512,38,453,69,460,256,data/processed/masks/slag/slag__GS250.npy,106,0.001617,1,False,False
slag__GS251,slag,data/raw/slag/GS251.jpg,data/processed/slag/slag__GS251.npy,gray,none,1.0,slag__GS251,True,pseudo_pending,train,512,512,38,453,69,460,256,data/processed/masks/slag/slag__GS251.npy,126,0.001923,2,False,False
slag__GS252,slag,data/raw/slag/GS252.jpg,data/processed/slag/slag__GS252.npy,gray,none,1.0,slag__GS252,True,pseudo_pending,test,512,512,38,453,69,460,256,data/processed/masks/slag/slag__GS252.npy,74,0.001129,2,False,False
slag__GS253,slag,data/raw/slag/GS253.jpg,data/processed/slag/slag__GS253.npy,gray,none,1.0,slag__GS253,True,pseudo_pending,val,512,512,38,453,69,460,256,data/processed/masks/slag/slag__GS253.npy,104,0.001587,4,False,False
slag__GS254,slag,data/raw/slag/GS254.jpg,data/processed/slag/slag__GS254.npy,gray,none,1.0,slag__GS254,True,pseudo_pending,train,512,512,38,453,69,460,256,data/processed/masks/slag/slag__GS254.npy,133,0.002029,7,False,False
slag__GS255,slag,data/raw/slag/GS255.jpg,data/processed/slag/slag__GS255.npy,gray,none,1.0,slag__GS255,True,pseudo_pending,test,512,512,38,453,69,460,256,data/processed/masks/slag/slag__GS255.npy,44,0.000671,2,False,False
slag__GS256,slag,data/raw/slag/GS256.jpg,data/processed/slag/slag__GS256.npy,gray,none,1.0,slag__GS256,True,pseudo_pending,test,512,512,38,453,69,460,256,data/processed/masks/slag/slag__GS256.npy,363,0.005539,7,False,False
slag__GS257,slag,data/raw/slag/GS257.jpg,data/processed/slag/slag__GS257.npy,gray,none,1.0,slag__GS257,True,pseudo_pending,train,512,512,38,453,69,460,256,data/processed/masks/slag/slag__GS257.npy,199,0.003036,5,False,False
slag__GS258,slag,data/raw/slag/GS258.jpg,data/processed/slag/slag__GS258.npy,gray,none,1.0,slag__GS258,True,pseudo_pending,train,512,512,38,453,69,460,256,data/processed/masks/slag/slag__GS258.npy,166,0.002533,2,False,False
slag__GS259,slag,data/raw/slag/GS259.jpg,data/processed/slag/slag__GS259.npy,gray,none,1.0,slag__GS259,True,pseudo_pending,train,512,512,38,453,69,460,256,data/processed/masks/slag/slag__GS259.npy,130,0.001984,2,False,False
slag__GS26,slag,data/raw/slag/GS26.jpg,data/processed/slag/slag__GS26.npy,gray,none,1.0,slag__GS26,True,pseudo_pending,test,512,512,38,453,69,460,256,data/processed/masks/slag/slag__GS26.npy,92,0.001404,1,False,False
slag__GS260,slag,data/raw/slag/GS260.jpg,data/processed/slag/slag__GS260.npy,gray,none,1.0,slag__GS260,True,pseudo_pending,val,512,512,38,453,69,460,256,data/processed/masks/slag/slag__GS260.npy,164,0.002502,7,False,False
slag__GS261,slag,data/raw/slag/GS261.jpg,data/processed/slag/slag__GS261.npy,gray,none,1.0,slag__GS261,True,pseudo_pending,train,512,512,38,453,69,460,256,data/processed/masks/slag/slag__GS261.npy,130,0.001984,4,False,False
slag__GS262,slag,data/raw/slag/GS262.jpg,data/processed/slag/slag__GS262.npy,gray,none,1.0,slag__GS262,True,pseudo_pending,train,512,512,38,453,69,460,256,data/processed/masks/slag/slag__GS262.npy,115,0.001755,4,False,False
slag__GS263,slag,data/raw/slag/GS263.jpg,data/processed/slag/slag__GS263.npy,gray,none,1.0,slag__GS263,True,pseudo_pending,train,512,512,38,453,69,460,256,data/processed/masks/slag/slag__GS263.npy,129,0.001968,2,False,False
slag__GS27,slag,data/raw/slag/GS27.jpg,data/processed/slag/slag__GS27.npy,gray,none,1.0,slag__GS27,True,pseudo_pending,val,512,512,38,453,69,460,256,data/processed/masks/slag/slag__GS27.npy,95,0.00145,2,False,False
slag__GS28,slag,data/raw/slag/GS28.jpg,data/processed/slag/slag__GS28.npy,gray,none,1.0,slag__GS28,True,pseudo_pending,test,512,512,38,453,69,460,256,data/processed/masks/slag/slag__GS28.npy,72,0.001099,1,False,False
slag__GS29,slag,data/raw/slag/GS29.jpg,data/processed/slag/slag__GS29.npy,gray,none,1.0,slag__GS29,True,pseudo_pending,test,512,512,38,453,69,460,256,data/processed/masks/slag/slag__GS29.npy,109,0.001663,1,False,False
slag__GS2_1,slag,data/raw/slag/GS2_1.jpg,data/processed/slag/slag__GS2_1.npy,gray,none,1.0,slag__GS2,True,pseudo_pending,val,512,512,40,453,69,460,256,data/processed/masks/slag/slag__GS2_1.npy,120,0.001831,5,False,False
slag__GS2_2,slag,data/raw/slag/GS2_2.jpg,data/processed/slag/slag__GS2_2.npy,gray,none,1.0,slag__GS2,True,pseudo_pending,val,512,512,40,453,69,460,256,data/processed/masks/slag/slag__GS2_2.npy,89,0.001358,3,False,False
slag__GS2_3,slag,data/raw/slag/GS2_3.jpg,data/processed/slag/slag__GS2_3.npy,gray,none,1.0,slag__GS2,True,pseudo_pending,val,512,512,40,453,69,460,256,data/processed/masks/slag/slag__GS2_3.npy,114,0.00174,2,False,False
slag__GS3,slag,data/raw/slag/GS3.jpg,data/processed/slag/slag__GS3.npy,gray,none,1.0,slag__GS3,True,pseudo_pending,train,512,512,38,453,69,460,256,data/processed/masks/slag/slag__GS3.npy,116,0.00177,6,False,False
slag__GS30,slag,data/raw/slag/GS30.jpg,data/processed/slag/slag__GS30.npy,gray,none,1.0,slag__GS30,True,pseudo_pending,train,512,512,38,453,69,460,256,data/processed/masks/slag/slag__GS30.npy,150,0.002289,10,False,False
slag__GS31,slag,data/raw/slag/GS31.jpg,data/processed/slag/slag__GS31.npy,gray,none,1.0,slag__GS31,True,pseudo_pending,test,512,512,38,453,69,460,256,data/processed/masks/slag/slag__GS31.npy,94,0.001434,2,False,False
slag__GS32,slag,data/raw/slag/GS32.jpg,data/processed/slag/slag__GS32.npy,gray,none,1.0,slag__GS32,True,pseudo_pending,train,512,512,38,453,69,460,256,data/processed/masks/slag/slag__GS32.npy,66,0.001007,1,False,False
slag__GS33,slag,data/raw/slag/GS33.jpg,data/processed/slag/slag__GS33.npy,gray,none,1.0,slag__GS33,True,pseudo_pending,train,512,512,38,453,69,460,256,data/processed/masks/slag/slag__GS33.npy,136,0.002075,3,False,False
slag__GS34,slag,data/raw/slag/GS34.jpg,data/processed/slag/slag__GS34.npy,gray,none,1.0,slag__GS34,True,pseudo_pending,train,512,512,38,453,69,460,256,data/processed/masks/slag/slag__GS34.npy,146,0.002228,2,False,False
slag__GS35,slag,data/raw/slag/GS35.jpg,data/processed/slag/slag__GS35.npy,gray,none,1.0,slag__GS35,True,pseudo_pending,train,512,512,38,453,69,460,256,data/processed/masks/slag/slag__GS35.npy,14,0.000214,1,False,False
slag__GS36,slag,data/raw/slag/GS36.jpg,data/processed/slag/slag__GS36.npy,gray,none,1.0,slag__GS36,True,pseudo_pending,train,512,512,38,453,69,460,256,data/processed/masks/slag/slag__GS36.npy,87,0.001328,1,False,False
slag__GS37,slag,data/raw/slag/GS37.jpg,data/processed/slag/slag__GS37.npy,gray,none,1.0,slag__GS37,True,pseudo_pending,train,512,512,38,453,69,460,256,data/processed/masks/slag/slag__GS37.npy,122,0.001862,2,False,False
slag__GS37_1,slag,data/raw/slag/GS37_1.jpg,data/processed/slag/slag__GS37_1.npy,gray,none,1.0,slag__GS37,True,pseudo_pending,train,512,512,40,453,69,460,256,data/processed/masks/slag/slag__GS37_1.npy,130,0.001984,3,False,False
slag__GS37_2,slag,data/raw/slag/GS37_2.jpg,data/processed/slag/slag__GS37_2.npy,gray,none,1.0,slag__GS37,True,pseudo_pending,train,512,512,40,453,69,460,256,data/processed/masks/slag/slag__GS37_2.npy,143,0.002182,2,False,False
slag__GS38,slag,data/raw/slag/GS38.jpg,data/processed/slag/slag__GS38.npy,gray,none,1.0,slag__GS38,True,pseudo_pending,train,512,512,38,453,69,460,256,data/processed/masks/slag/slag__GS38.npy,69,0.001053,2,False,False
slag__GS38_1,slag,data/raw/slag/GS38_1.jpg,data/processed/slag/slag__GS38_1.npy,gray,none,1.0,slag__GS38,True,pseudo_pending,train,512,512,40,453,69,460,256,data/processed/masks/slag/slag__GS38_1.npy,15,0.000229,1,False,False
slag__GS38_3,slag,data/raw/slag/GS38_3.jpg,data/processed/slag/slag__GS38_3.npy,gray,none,1.0,slag__GS38,True,pseudo_pending,train,512,512,40,453,69,460,256,data/processed/masks/slag/slag__GS38_3.npy,87,0.001328,1,False,False
slag__GS39,slag,data/raw/slag/GS39.jpg,data/processed/slag/slag__GS39.npy,gray,none,1.0,slag__GS39,True,pseudo_pending,train,512,512,38,453,69,460,256,data/processed/masks/slag/slag__GS39.npy,86,0.001312,1,False,False
slag__GS39_1,slag,data/raw/slag/GS39_1.jpg,data/processed/slag/slag__GS39_1.npy,gray,none,1.0,slag__GS39,True,pseudo_pending,train,512,512,40,453,69,460,256,data/processed/masks/slag/slag__GS39_1.npy,631,0.009628,6,False,False
slag__GS39_3,slag,data/raw/slag/GS39_3.jpg,data/processed/slag/slag__GS39_3.npy,gray,none,1.0,slag__GS39,True,pseudo_pending,train,512,512,40,453,69,460,256,data/processed/masks/slag/slag__GS39_3.npy,118,0.001801,3,False,False
slag__GS3_2,slag,data/raw/slag/GS3_2.jpg,data/processed/slag/slag__GS3_2.npy,gray,none,1.0,slag__GS3,True,pseudo_pending,train,512,512,40,453,69,460,256,data/processed/masks/slag/slag__GS3_2.npy,190,0.002899,4,False,False
slag__GS4,slag,data/raw/slag/GS4.jpg,data/processed/slag/slag__GS4.npy,gray,none,1.0,slag__GS4,True,pseudo_pending,train,512,512,38,453,69,460,256,data/processed/masks/slag/slag__GS4.npy,94,0.001434,3,False,False
slag__GS40,slag,data/raw/slag/GS40.jpg,data/processed/slag/slag__GS40.npy,gray,none,1.0,slag__GS40,True,pseudo_pending,train,512,512,38,453,69,460,256,data/processed/masks/slag/slag__GS40.npy,118,0.001801,3,False,False
slag__GS40_2,slag,data/raw/slag/GS40_2.jpg,data/processed/slag/slag__GS40_2.npy,gray,none,1.0,slag__GS40,True,pseudo_pending,train,512,512,40,453,69,460,256,data/processed/masks/slag/slag__GS40_2.npy,71,0.001083,2,False,False
slag__GS40_3,slag,data/raw/slag/GS40_3.jpg,data/processed/slag/slag__GS40_3.npy,gray,none,1.0,slag__GS40,True,pseudo_pending,train,512,512,40,453,69,460,256,data/processed/masks/slag/slag__GS40_3.npy,84,0.001282,1,False,False
slag__GS41,slag,data/raw/slag/GS41.jpg,data/processed/slag/slag__GS41.npy,gray,none,1.0,slag__GS41,True,pseudo_pending,test,512,512,38,453,69,460,256,data/processed/masks/slag/slag__GS41.npy,38,0.00058,1,False,False
slag__GS41_3,slag,data/raw/slag/GS41_3.jpg,data/processed/slag/slag__GS41_3.npy,gray,none,1.0,slag__GS41,True,pseudo_pending,test,512,512,40,453,69,460,256,data/processed/masks/slag/slag__GS41_3.npy,119,0.001816,3,False,False
slag__GS42,slag,data/raw/slag/GS42.jpg,data/processed/slag/slag__GS42.npy,gray,none,1.0,slag__GS42,True,pseudo_pending,test,512,512,38,453,69,460,256,data/processed/masks/slag/slag__GS42.npy,179,0.002731,3,False,False
slag__GS42_3,slag,data/raw/slag/GS42_3.jpg,data/processed/slag/slag__GS42_3.npy,gray,none,1.0,slag__GS42,True,pseudo_pending,test,512,512,40,453,69,460,256,data/processed/masks/slag/slag__GS42_3.npy,36,0.000549,2,False,False
slag__GS43_2,slag,data/raw/slag/GS43_2.jpg,data/processed/slag/slag__GS43_2.npy,gray,none,1.0,slag__GS43,True,pseudo_pending,train,512,512,40,453,69,460,256,data/processed/masks/slag/slag__GS43_2.npy,182,0.002777,3,False,False
slag__GS44,slag,data/raw/slag/GS44.jpg,data/processed/slag/slag__GS44.npy,gray,none,1.0,slag__GS44,True,pseudo_pending,train,512,512,38,453,69,460,256,data/processed/masks/slag/slag__GS44.npy,162,0.002472,2,False,False
slag__GS44_2,slag,data/raw/slag/GS44_2.jpg,data/processed/slag/slag__GS44_2.npy,gray,none,1.0,slag__GS44,True,pseudo_pending,train,512,512,40,453,69,460,256,data/processed/masks/slag/slag__GS44_2.npy,250,0.003815,4,False,False
slag__GS45,slag,data/raw/slag/GS45.jpg,data/processed/slag/slag__GS45.npy,gray,none,1.0,slag__GS45,True,pseudo_pending,test,512,512,38,453,69,460,256,data/processed/masks/slag/slag__GS45.npy,99,0.001511,2,False,False
slag__GS45_1,slag,data/raw/slag/GS45_1.jpg,data/processed/slag/slag__GS45_1.npy,gray,none,1.0,slag__GS45,True,pseudo_pending,test,512,512,40,453,69,460,256,data/processed/masks/slag/slag__GS45_1.npy,163,0.002487,2,False,False
slag__GS45_3,slag,data/raw/slag/GS45_3.jpg,data/processed/slag/slag__GS45_3.npy,gray,none,1.0,slag__GS45,True,pseudo_pending,test,512,512,40,453,69,460,256,data/processed/masks/slag/slag__GS45_3.npy,92,0.001404,3,False,False
slag__GS46,slag,data/raw/slag/GS46.jpg,data/processed/slag/slag__GS46.npy,gray,none,1.0,slag__GS46,True,pseudo_pending,train,512,512,38,453,69,460,256,data/processed/masks/slag/slag__GS46.npy,98,0.001495,1,False,False
slag__GS47,slag,data/raw/slag/GS47.jpg,data/processed/slag/slag__GS47.npy,gray,none,1.0,slag__GS47,True,pseudo_pending,train,512,512,38,453,69,460,256,data/processed/masks/slag/slag__GS47.npy,222,0.003387,5,False,False
slag__GS47_2,slag,data/raw/slag/GS47_2.jpg,data/processed/slag/slag__GS47_2.npy,gray,none,1.0,slag__GS47,True,pseudo_pending,train,512,512,40,453,69,460,256,data/processed/masks/slag/slag__GS47_2.npy,96,0.001465,1,False,False
slag__GS48,slag,data/raw/slag/GS48.jpg,data/processed/slag/slag__GS48.npy,gray,none,1.0,slag__GS48,True,pseudo_pending,train,512,512,38,453,69,460,256,data/processed/masks/slag/slag__GS48.npy,52,0.000793,1,False,False
slag__GS48_1,slag,data/raw/slag/GS48_1.jpg,data/processed/slag/slag__GS48_1.npy,gray,none,1.0,slag__GS48,True,pseudo_pending,train,512,512,40,453,69,460,256,data/processed/masks/slag/slag__GS48_1.npy,234,0.003571,5,False,False
slag__GS48_2,slag,data/raw/slag/GS48_2.jpg,data/processed/slag/slag__GS48_2.npy,gray,none,1.0,slag__GS48,True,pseudo_pending,train,512,512,40,453,69,460,256,data/processed/masks/slag/slag__GS48_2.npy,53,0.000809,1,False,False
slag__GS48_3,slag,data/raw/slag/GS48_3.jpg,data/processed/slag/slag__GS48_3.npy,gray,none,1.0,slag__GS48,True,pseudo_pending,train,512,512,40,453,69,460,256,data/processed/masks/slag/slag__GS48_3.npy,93,0.001419,1,False,False
slag__GS49,slag,data/raw/slag/GS49.jpg,data/processed/slag/slag__GS49.npy,gray,none,1.0,slag__GS49,True,pseudo_pending,train,512,512,38,453,69,460,256,data/processed/masks/slag/slag__GS49.npy,93,0.001419,1,False,False
slag__GS49_1,slag,data/raw/slag/GS49_1.jpg,data/processed/slag/slag__GS49_1.npy,gray,none,1.0,slag__GS49,True,pseudo_pending,train,512,512,40,453,69,460,256,data/processed/masks/slag/slag__GS49_1.npy,134,0.002045,4,False,False
slag__GS49_2,slag,data/raw/slag/GS49_2.jpg,data/processed/slag/slag__GS49_2.npy,gray,none,1.0,slag__GS49,True,pseudo_pending,train,512,512,40,453,69,460,256,data/processed/masks/slag/slag__GS49_2.npy,540,0.00824,5,False,False
slag__GS5,slag,data/raw/slag/GS5.jpg,data/processed/slag/slag__GS5.npy,gray,none,1.0,slag__GS5,True,pseudo_pending,train,512,512,38,453,69,460,256,data/processed/masks/slag/slag__GS5.npy,109,0.001663,2,False,False
slag__GS50,slag,data/raw/slag/GS50.jpg,data/processed/slag/slag__GS50.npy,gray,none,1.0,slag__GS50,True,pseudo_pending,train,512,512,38,453,69,460,256,data/processed/masks/slag/slag__GS50.npy,135,0.00206,4,False,False
slag__GS50_2,slag,data/raw/slag/GS50_2.jpg,data/processed/slag/slag__GS50_2.npy,gray,none,1.0,slag__GS50,True,pseudo_pending,train,512,512,40,453,69,460,256,data/processed/masks/slag/slag__GS50_2.npy,226,0.003448,3,False,False
slag__GS51,slag,data/raw/slag/GS51.jpg,data/processed/slag/slag__GS51.npy,gray,none,1.0,slag__GS51,True,pseudo_pending,train,512,512,38,453,69,460,256,data/processed/masks/slag/slag__GS51.npy,228,0.003479,3,False,False
slag__GS51_1,slag,data/raw/slag/GS51_1.jpg,data/processed/slag/slag__GS51_1.npy,gray,none,1.0,slag__GS51,True,pseudo_pending,train,512,512,40,453,69,460,256,data/processed/masks/slag/slag__GS51_1.npy,54,0.000824,1,False,False
slag__GS51_2,slag,data/raw/slag/GS51_2.jpg,data/processed/slag/slag__GS51_2.npy,gray,none,1.0,slag__GS51,True,pseudo_pending,train,512,512,40,453,69,460,256,data/processed/masks/slag/slag__GS51_2.npy,199,0.003036,3,False,False
slag__GS51_3,slag,data/raw/slag/GS51_3.jpg,data/processed/slag/slag__GS51_3.npy,gray,none,1.0,slag__GS51,True,pseudo_pending,train,512,512,40,453,69,460,256,data/processed/masks/slag/slag__GS51_3.npy,91,0.001389,1,False,False
slag__GS52,slag,data/raw/slag/GS52.jpg,data/processed/slag/slag__GS52.npy,gray,none,1.0,slag__GS52,True,pseudo_pending,val,512,512,38,453,69,460,256,data/processed/masks/slag/slag__GS52.npy,60,0.000916,1,False,False
slag__GS52_1,slag,data/raw/slag/GS52_1.jpg,data/processed/slag/slag__GS52_1.npy,gray,none,1.0,slag__GS52,True,pseudo_pending,val,512,512,40,453,69,460,256,data/processed/masks/slag/slag__GS52_1.npy,23,0.000351,2,False,False
slag__GS52_2,slag,data/raw/slag/GS52_2.jpg,data/processed/slag/slag__GS52_2.npy,gray,none,1.0,slag__GS52,True,pseudo_pending,val,512,512,40,453,69,460,256,data/processed/masks/slag/slag__GS52_2.npy,67,0.001022,2,False,False
slag__GS52_3,slag,data/raw/slag/GS52_3.jpg,data/processed/slag/slag__GS52_3.npy,gray,none,1.0,slag__GS52,True,pseudo_pending,val,512,512,40,453,69,460,256,data/processed/masks/slag/slag__GS52_3.npy,1547,0.023605,5,False,False
slag__GS53,slag,data/raw/slag/GS53.jpg,data/processed/slag/slag__GS53.npy,gray,none,1.0,slag__GS53,True,pseudo_pending,test,512,512,38,453,69,460,256,data/processed/masks/slag/slag__GS53.npy,202,0.003082,3,False,False
slag__GS53_1,slag,data/raw/slag/GS53_1.jpg,data/processed/slag/slag__GS53_1.npy,gray,none,1.0,slag__GS53,True,pseudo_pending,test,512,512,40,453,69,460,256,data/processed/masks/slag/slag__GS53_1.npy,19,0.00029,1,False,False
slag__GS53_2,slag,data/raw/slag/GS53_2.jpg,data/processed/slag/slag__GS53_2.npy,gray,none,1.0,slag__GS53,True,pseudo_pending,test,512,512,40,453,69,460,256,data/processed/masks/slag/slag__GS53_2.npy,273,0.004166,4,False,False
slag__GS53_3,slag,data/raw/slag/GS53_3.jpg,data/processed/slag/slag__GS53_3.npy,gray,none,1.0,slag__GS53,True,pseudo_pending,test,512,512,38,453,69,460,256,data/processed/masks/slag/slag__GS53_3.npy,673,0.010269,12,False,False
slag__GS54,slag,data/raw/slag/GS54.jpg,data/processed/slag/slag__GS54.npy,gray,none,1.0,slag__GS54,True,pseudo_pending,train,512,512,38,453,69,460,256,data/processed/masks/slag/slag__GS54.npy,84,0.001282,1,False,False
slag__GS55,slag,data/raw/slag/GS55.jpg,data/processed/slag/slag__GS55.npy,gray,none,1.0,slag__GS55,True,pseudo_pending,train,512,512,38,453,69,460,256,data/processed/masks/slag/slag__GS55.npy,24,0.000366,2,False,False
slag__GS56,slag,data/raw/slag/GS56.jpg,data/processed/slag/slag__GS56.npy,gray,none,1.0,slag__GS56,True,pseudo_pending,train,512,512,38,453,69,460,256,data/processed/masks/slag/slag__GS56.npy,69,0.001053,2,False,False
slag__GS56_1,slag,data/raw/slag/GS56_1.jpg,data/processed/slag/slag__GS56_1.npy,gray,none,1.0,slag__GS56,True,pseudo_pending,train,512,512,40,453,69,460,256,data/processed/masks/slag/slag__GS56_1.npy,63,0.000961,2,False,False
slag__GS56_2,slag,data/raw/slag/GS56_2.jpg,data/processed/slag/slag__GS56_2.npy,gray,none,1.0,slag__GS56,True,pseudo_pending,train,512,512,40,453,69,460,256,data/processed/masks/slag/slag__GS56_2.npy,114,0.00174,2,False,False
slag__GS56_3,slag,data/raw/slag/GS56_3.jpg,data/processed/slag/slag__GS56_3.npy,gray,none,1.0,slag__GS56,True,pseudo_pending,train,512,512,40,453,69,460,256,data/processed/masks/slag/slag__GS56_3.npy,45,0.000687,2,False,False
slag__GS57,slag,data/raw/slag/GS57.jpg,data/processed/slag/slag__GS57.npy,gray,none,1.0,slag__GS57,True,pseudo_pending,train,512,512,38,453,69,460,256,data/processed/masks/slag/slag__GS57.npy,18,0.000275,1,False,False
slag__GS57_1,slag,data/raw/slag/GS57_1.jpg,data/processed/slag/slag__GS57_1.npy,gray,none,1.0,slag__GS57,True,pseudo_pending,train,512,512,40,453,69,460,256,data/processed/masks/slag/slag__GS57_1.npy,132,0.002014,9,False,False
slag__GS57_2,slag,data/raw/slag/GS57_2.jpg,data/processed/slag/slag__GS57_2.npy,gray,none,1.0,slag__GS57,True,pseudo_pending,train,512,512,40,453,69,460,256,data/processed/masks/slag/slag__GS57_2.npy,92,0.001404,4,False,False
slag__GS57_3,slag,data/raw/slag/GS57_3.jpg,data/processed/slag/slag__GS57_3.npy,gray,none,1.0,slag__GS57,True,pseudo_pending,train,512,512,40,453,69,460,256,data/processed/masks/slag/slag__GS57_3.npy,199,0.003036,2,False,False
slag__GS58,slag,data/raw/slag/GS58.jpg,data/processed/slag/slag__GS58.npy,gray,none,1.0,slag__GS58,True,pseudo_pending,train,512,512,38,453,69,460,256,data/processed/masks/slag/slag__GS58.npy,273,0.004166,4,False,False
slag__GS58_1,slag,data/raw/slag/GS58_1.jpg,data/processed/slag/slag__GS58_1.npy,gray,none,1.0,slag__GS58,True,pseudo_pending,train,512,512,40,453,69,460,256,data/processed/masks/slag/slag__GS58_1.npy,167,0.002548,4,False,False
slag__GS58_2,slag,data/raw/slag/GS58_2.jpg,data/processed/slag/slag__GS58_2.npy,gray,none,1.0,slag__GS58,True,pseudo_pending,train,512,512,40,453,69,460,256,data/processed/masks/slag/slag__GS58_2.npy,125,0.001907,3,False,False
slag__GS59,slag,data/raw/slag/GS59.jpg,data/processed/slag/slag__GS59.npy,gray,none,1.0,slag__GS59,True,pseudo_pending,train,512,512,38,453,69,460,256,data/processed/masks/slag/slag__GS59.npy,64,0.000977,2,False,False
slag__GS59_2,slag,data/raw/slag/GS59_2.jpg,data/processed/slag/slag__GS59_2.npy,gray,none,1.0,slag__GS59,True,pseudo_pending,train,512,512,40,453,69,460,256,data/processed/masks/slag/slag__GS59_2.npy,160,0.002441,3,False,False
slag__GS59_3,slag,data/raw/slag/GS59_3.jpg,data/processed/slag/slag__GS59_3.npy,gray,none,1.0,slag__GS59,True,pseudo_pending,train,512,512,40,453,69,460,256,data/processed/masks/slag/slag__GS59_3.npy,72,0.001099,1,False,False
slag__GS5_2,slag,data/raw/slag/GS5_2.jpg,data/processed/slag/slag__GS5_2.npy,gray,none,1.0,slag__GS5,True,pseudo_pending,train,512,512,40,453,69,460,256,data/processed/masks/slag/slag__GS5_2.npy,160,0.002441,3,False,False
slag__GS6,slag,data/raw/slag/GS6.jpg,data/processed/slag/slag__GS6.npy,gray,none,1.0,slag__GS6,True,pseudo_pending,train,512,512,38,453,69,460,256,data/processed/masks/slag/slag__GS6.npy,193,0.002945,4,False,False
slag__GS60,slag,data/raw/slag/GS60.jpg,data/processed/slag/slag__GS60.npy,gray,none,1.0,slag__GS60,True,pseudo_pending,train,512,512,38,453,69,460,256,data/processed/masks/slag/slag__GS60.npy,114,0.00174,2,False,False
slag__GS60_2,slag,data/raw/slag/GS60_2.jpg,data/processed/slag/slag__GS60_2.npy,gray,none,1.0,slag__GS60,True,pseudo_pending,train,512,512,40,453,69,460,256,data/processed/masks/slag/slag__GS60_2.npy,36,0.000549,2,False,False
slag__GS60_3,slag,data/raw/slag/GS60_3.jpg,data/processed/slag/slag__GS60_3.npy,gray,none,1.0,slag__GS60,True,pseudo_pending,train,512,512,40,453,69,460,256,data/processed/masks/slag/slag__GS60_3.npy,63,0.000961,1,False,False
slag__GS61,slag,data/raw/slag/GS61.jpg,data/processed/slag/slag__GS61.npy,gray,none,1.0,slag__GS61,True,pseudo_pending,train,512,512,38,453,69,460,256,data/processed/masks/slag/slag__GS61.npy,44,0.000671,2,False,False
slag__GS61_3,slag,data/raw/slag/GS61_3.jpg,data/processed/slag/slag__GS61_3.npy,gray,none,1.0,slag__GS61,True,pseudo_pending,train,512,512,40,453,69,460,256,data/processed/masks/slag/slag__GS61_3.npy,89,0.001358,1,False,False
slag__GS62,slag,data/raw/slag/GS62.jpg,data/processed/slag/slag__GS62.npy,gray,none,1.0,slag__GS62,True,pseudo_pending,train,512,512,38,453,69,460,256,data/processed/masks/slag/slag__GS62.npy,93,0.001419,4,False,False
slag__GS62_3,slag,data/raw/slag/GS62_3.jpg,data/processed/slag/slag__GS62_3.npy,gray,none,1.0,slag__GS62,True,pseudo_pending,train,512,512,40,453,69,460,256,data/processed/masks/slag/slag__GS62_3.npy,66,0.001007,2,False,False
slag__GS63,slag,data/raw/slag/GS63.jpg,data/processed/slag/slag__GS63.npy,gray,none,1.0,slag__GS63,True,pseudo_pending,val,512,512,38,453,69,460,256,data/processed/masks/slag/slag__GS63.npy,194,0.00296,2,False,False
slag__GS63_2,slag,data/raw/slag/GS63_2.jpg,data/processed/slag/slag__GS63_2.npy,gray,none,1.0,slag__GS63,True,pseudo_pending,val,512,512,40,453,69,460,256,data/processed/masks/slag/slag__GS63_2.npy,128,0.001953,3,False,False
slag__GS64,slag,data/raw/slag/GS64.jpg,data/processed/slag/slag__GS64.npy,gray,none,1.0,slag__GS64,True,pseudo_pending,train,512,512,38,453,69,460,256,data/processed/masks/slag/slag__GS64.npy,169,0.002579,4,False,False
slag__GS64_1,slag,data/raw/slag/GS64_1.jpg,data/processed/slag/slag__GS64_1.npy,gray,none,1.0,slag__GS64,True,pseudo_pending,train,512,512,40,453,69,460,256,data/processed/masks/slag/slag__GS64_1.npy,29,0.000443,1,False,False
slag__GS64_2,slag,data/raw/slag/GS64_2.jpg,data/processed/slag/slag__GS64_2.npy,gray,none,1.0,slag__GS64,True,pseudo_pending,train,512,512,40,453,69,460,256,data/processed/masks/slag/slag__GS64_2.npy,106,0.001617,3,False,False
slag__GS64_3,slag,data/raw/slag/GS64_3.jpg,data/processed/slag/slag__GS64_3.npy,gray,none,1.0,slag__GS64,True,pseudo_pending,train,512,512,40,453,69,460,256,data/processed/masks/slag/slag__GS64_3.npy,52,0.000793,1,False,False
slag__GS65,slag,data/raw/slag/GS65.jpg,data/processed/slag/slag__GS65.npy,gray,none,1.0,slag__GS65,True,pseudo_pending,train,512,512,38,453,69,460,256,data/processed/masks/slag/slag__GS65.npy,125,0.001907,3,False,False
slag__GS65_1,slag,data/raw/slag/GS65_1.jpg,data/processed/slag/slag__GS65_1.npy,gray,none,1.0,slag__GS65,True,pseudo_pending,train,512,512,40,453,69,460,256,data/processed/masks/slag/slag__GS65_1.npy,152,0.002319,5,False,False
slag__GS65_2,slag,data/raw/slag/GS65_2.jpg,data/processed/slag/slag__GS65_2.npy,gray,none,1.0,slag__GS65,True,pseudo_pending,train,512,512,40,453,69,460,256,data/processed/masks/slag/slag__GS65_2.npy,149,0.002274,2,False,False
slag__GS65_3,slag,data/raw/slag/GS65_3.jpg,data/processed/slag/slag__GS65_3.npy,gray,none,1.0,slag__GS65,True,pseudo_pending,train,512,512,40,453,69,460,256,data/processed/masks/slag/slag__GS65_3.npy,131,0.001999,1,False,False
slag__GS66,slag,data/raw/slag/GS66.jpg,data/processed/slag/slag__GS66.npy,gray,none,1.0,slag__GS66,True,pseudo_pending,train,512,512,38,453,69,460,256,data/processed/masks/slag/slag__GS66.npy,158,0.002411,3,False,False
slag__GS66_3,slag,data/raw/slag/GS66_3.jpg,data/processed/slag/slag__GS66_3.npy,gray,none,1.0,slag__GS66,True,pseudo_pending,train,512,512,40,453,69,460,256,data/processed/masks/slag/slag__GS66_3.npy,109,0.001663,4,False,False
slag__GS67,slag,data/raw/slag/GS67.jpg,data/processed/slag/slag__GS67.npy,gray,none,1.0,slag__GS67,True,pseudo_pending,val,512,512,38,453,69,460,256,data/processed/masks/slag/slag__GS67.npy,72,0.001099,1,False,False
slag__GS67_2,slag,data/raw/slag/GS67_2.jpg,data/processed/slag/slag__GS67_2.npy,gray,none,1.0,slag__GS67,True,pseudo_pending,val,512,512,40,453,69,460,256,data/processed/masks/slag/slag__GS67_2.npy,93,0.001419,2,False,False
slag__GS68,slag,data/raw/slag/GS68.jpg,data/processed/slag/slag__GS68.npy,gray,none,1.0,slag__GS68,True,pseudo_pending,val,512,512,38,453,69,460,256,data/processed/masks/slag/slag__GS68.npy,38,0.00058,2,False,False
slag__GS68_1,slag,data/raw/slag/GS68_1.jpg,data/processed/slag/slag__GS68_1.npy,gray,none,1.0,slag__GS68,True,pseudo_pending,val,512,512,40,453,69,460,256,data/processed/masks/slag/slag__GS68_1.npy,119,0.001816,4,False,False
slag__GS68_2,slag,data/raw/slag/GS68_2.jpg,data/processed/slag/slag__GS68_2.npy,gray,none,1.0,slag__GS68,True,pseudo_pending,val,512,512,40,453,69,460,256,data/processed/masks/slag/slag__GS68_2.npy,102,0.001556,2,False,False
slag__GS68_3,slag,data/raw/slag/GS68_3.jpg,data/processed/slag/slag__GS68_3.npy,gray,none,1.0,slag__GS68,True,pseudo_pending,val,512,512,40,453,69,460,256,data/processed/masks/slag/slag__GS68_3.npy,51,0.000778,1,False,False
slag__GS69,slag,data/raw/slag/GS69.jpg,data/processed/slag/slag__GS69.npy,gray,none,1.0,slag__GS69,True,pseudo_pending,train,512,512,38,453,69,460,256,data/processed/masks/slag/slag__GS69.npy,65,0.000992,1,False,False
slag__GS69_1,slag,data/raw/slag/GS69_1.jpg,data/processed/slag/slag__GS69_1.npy,gray,none,1.0,slag__GS69,True,pseudo_pending,train,512,512,40,453,69,460,256,data/processed/masks/slag/slag__GS69_1.npy,21,0.00032,1,False,False
slag__GS69_2,slag,data/raw/slag/GS69_2.jpg,data/processed/slag/slag__GS69_2.npy,gray,none,1.0,slag__GS69,True,pseudo_pending,train,512,512,40,453,69,460,256,data/processed/masks/slag/slag__GS69_2.npy,178,0.002716,3,False,False
slag__GS6_2,slag,data/raw/slag/GS6_2.jpg,data/processed/slag/slag__GS6_2.npy,gray,none,1.0,slag__GS6,True,pseudo_pending,train,512,512,40,453,69,460,256,data/processed/masks/slag/slag__GS6_2.npy,112,0.001709,2,False,False
slag__GS6_3,slag,data/raw/slag/GS6_3.jpg,data/processed/slag/slag__GS6_3.npy,gray,none,1.0,slag__GS6,True,pseudo_pending,train,512,512,40,453,69,460,256,data/processed/masks/slag/slag__GS6_3.npy,77,0.001175,1,False,False
slag__GS7,slag,data/raw/slag/GS7.jpg,data/processed/slag/slag__GS7.npy,gray,none,1.0,slag__GS7,True,pseudo_pending,test,512,512,38,453,69,460,256,data/processed/masks/slag/slag__GS7.npy,156,0.00238,3,False,False
slag__GS70,slag,data/raw/slag/GS70.jpg,data/processed/slag/slag__GS70.npy,gray,none,1.0,slag__GS70,True,pseudo_pending,train,512,512,38,453,69,460,256,data/processed/masks/slag/slag__GS70.npy,90,0.001373,1,False,False
slag__GS70_1,slag,data/raw/slag/GS70_1.jpg,data/processed/slag/slag__GS70_1.npy,gray,none,1.0,slag__GS70,True,pseudo_pending,train,512,512,40,453,69,460,256,data/processed/masks/slag/slag__GS70_1.npy,54,0.000824,2,False,False
slag__GS70_3,slag,data/raw/slag/GS70_3.jpg,data/processed/slag/slag__GS70_3.npy,gray,none,1.0,slag__GS70,True,pseudo_pending,train,512,512,40,453,69,460,256,data/processed/masks/slag/slag__GS70_3.npy,33,0.000504,1,False,False
slag__GS71,slag,data/raw/slag/GS71.jpg,data/processed/slag/slag__GS71.npy,gray,none,1.0,slag__GS71,True,pseudo_pending,train,512,512,38,453,69,460,256,data/processed/masks/slag/slag__GS71.npy,66,0.001007,2,False,False
slag__GS71_1,slag,data/raw/slag/GS71_1.jpg,data/processed/slag/slag__GS71_1.npy,gray,none,1.0,slag__GS71,True,pseudo_pending,train,512,512,40,453,69,460,256,data/processed/masks/slag/slag__GS71_1.npy,118,0.001801,6,False,False
slag__GS71_3,slag,data/raw/slag/GS71_3.jpg,data/processed/slag/slag__GS71_3.npy,gray,none,1.0,slag__GS71,True,pseudo_pending,train,512,512,40,453,69,460,256,data/processed/masks/slag/slag__GS71_3.npy,60,0.000916,1,False,False
slag__GS72,slag,data/raw/slag/GS72.jpg,data/processed/slag/slag__GS72.npy,gray,none,1.0,slag__GS72,True,pseudo_pending,train,512,512,38,453,69,460,256,data/processed/masks/slag/slag__GS72.npy,131,0.001999,3,False,False
slag__GS72_1,slag,data/raw/slag/GS72_1.jpg,data/processed/slag/slag__GS72_1.npy,gray,none,1.0,slag__GS72,True,pseudo_pending,train,512,512,40,453,69,460,256,data/processed/masks/slag/slag__GS72_1.npy,19,0.00029,1,False,False
slag__GS72_2,slag,data/raw/slag/GS72_2.jpg,data/processed/slag/slag__GS72_2.npy,gray,none,1.0,slag__GS72,True,pseudo_pending,train,512,512,40,453,69,460,256,data/processed/masks/slag/slag__GS72_2.npy,66,0.001007,3,False,False
slag__GS73,slag,data/raw/slag/GS73.jpg,data/processed/slag/slag__GS73.npy,gray,none,1.0,slag__GS73,True,pseudo_pending,train,512,512,38,453,69,460,256,data/processed/masks/slag/slag__GS73.npy,29,0.000443,1,False,False
slag__GS73_1,slag,data/raw/slag/GS73_1.jpg,data/processed/slag/slag__GS73_1.npy,gray,none,1.0,slag__GS73,True,pseudo_pending,train,512,512,40,453,69,460,256,data/processed/masks/slag/slag__GS73_1.npy,65,0.000992,2,False,False
slag__GS73_2,slag,data/raw/slag/GS73_2.jpg,data/processed/slag/slag__GS73_2.npy,gray,none,1.0,slag__GS73,True,pseudo_pending,train,512,512,40,453,69,460,256,data/processed/masks/slag/slag__GS73_2.npy,95,0.00145,2,False,False
slag__GS74,slag,data/raw/slag/GS74.jpg,data/processed/slag/slag__GS74.npy,gray,none,1.0,slag__GS74,True,pseudo_pending,train,512,512,38,453,69,460,256,data/processed/masks/slag/slag__GS74.npy,104,0.001587,3,False,False
slag__GS74_1,slag,data/raw/slag/GS74_1.jpg,data/processed/slag/slag__GS74_1.npy,gray,none,1.0,slag__GS74,True,pseudo_pending,train,512,512,40,453,69,460,256,data/processed/masks/slag/slag__GS74_1.npy,162,0.002472,3,False,False
slag__GS74_2,slag,data/raw/slag/GS74_2.jpg,data/processed/slag/slag__GS74_2.npy,gray,none,1.0,slag__GS74,True,pseudo_pending,train,512,512,40,453,69,460,256,data/processed/masks/slag/slag__GS74_2.npy,96,0.001465,2,False,False
slag__GS74_3,slag,data/raw/slag/GS74_3.jpg,data/processed/slag/slag__GS74_3.npy,gray,none,1.0,slag__GS74,True,pseudo_pending,train,512,512,40,453,69,460,256,data/processed/masks/slag/slag__GS74_3.npy,292,0.004456,3,False,False
slag__GS75,slag,data/raw/slag/GS75.jpg,data/processed/slag/slag__GS75.npy,gray,none,1.0,slag__GS75,True,pseudo_pending,train,512,512,38,453,69,460,256,data/processed/masks/slag/slag__GS75.npy,49,0.000748,1,False,False
slag__GS75_1,slag,data/raw/slag/GS75_1.jpg,data/processed/slag/slag__GS75_1.npy,gray,none,1.0,slag__GS75,True,pseudo_pending,train,512,512,40,453,69,460,256,data/processed/masks/slag/slag__GS75_1.npy,89,0.001358,4,False,False
slag__GS75_2,slag,data/raw/slag/GS75_2.jpg,data/processed/slag/slag__GS75_2.npy,gray,none,1.0,slag__GS75,True,pseudo_pending,train,512,512,40,453,69,460,256,data/processed/masks/slag/slag__GS75_2.npy,171,0.002609,4,False,False
slag__GS75_3,slag,data/raw/slag/GS75_3.jpg,data/processed/slag/slag__GS75_3.npy,gray,none,1.0,slag__GS75,True,pseudo_pending,train,512,512,40,453,69,460,256,data/processed/masks/slag/slag__GS75_3.npy,94,0.001434,2,False,False
slag__GS76,slag,data/raw/slag/GS76.jpg,data/processed/slag/slag__GS76.npy,gray,none,1.0,slag__GS76,True,pseudo_pending,train,512,512,38,453,69,460,256,data/processed/masks/slag/slag__GS76.npy,153,0.002335,5,False,False
slag__GS76_1,slag,data/raw/slag/GS76_1.jpg,data/processed/slag/slag__GS76_1.npy,gray,none,1.0,slag__GS76,True,pseudo_pending,train,512,512,40,453,69,460,256,data/processed/masks/slag/slag__GS76_1.npy,125,0.001907,5,False,False
slag__GS76_2,slag,data/raw/slag/GS76_2.jpg,data/processed/slag/slag__GS76_2.npy,gray,none,1.0,slag__GS76,True,pseudo_pending,train,512,512,40,453,69,460,256,data/processed/masks/slag/slag__GS76_2.npy,232,0.00354,4,False,False
slag__GS76_3,slag,data/raw/slag/GS76_3.jpg,data/processed/slag/slag__GS76_3.npy,gray,none,1.0,slag__GS76,True,pseudo_pending,train,512,512,40,453,69,460,256,data/processed/masks/slag/slag__GS76_3.npy,29,0.000443,1,False,False
slag__GS77,slag,data/raw/slag/GS77.jpg,data/processed/slag/slag__GS77.npy,gray,none,1.0,slag__GS77,True,pseudo_pending,train,512,512,38,453,69,460,256,data/processed/masks/slag/slag__GS77.npy,157,0.002396,2,False,False
slag__GS77_1,slag,data/raw/slag/GS77_1.jpg,data/processed/slag/slag__GS77_1.npy,gray,none,1.0,slag__GS77,True,pseudo_pending,train,512,512,40,453,69,460,256,data/processed/masks/slag/slag__GS77_1.npy,73,0.001114,7,False,False
slag__GS77_2,slag,data/raw/slag/GS77_2.jpg,data/processed/slag/slag__GS77_2.npy,gray,none,1.0,slag__GS77,True,pseudo_pending,train,512,512,40,453,69,460,256,data/processed/masks/slag/slag__GS77_2.npy,157,0.002396,8,False,False
slag__GS77_3,slag,data/raw/slag/GS77_3.jpg,data/processed/slag/slag__GS77_3.npy,gray,none,1.0,slag__GS77,True,pseudo_pending,train,512,512,40,453,69,460,256,data/processed/masks/slag/slag__GS77_3.npy,249,0.003799,5,False,False
slag__GS79,slag,data/raw/slag/GS79.jpg,data/processed/slag/slag__GS79.npy,gray,none,1.0,slag__GS79,True,pseudo_pending,train,512,512,38,453,69,460,256,data/processed/masks/slag/slag__GS79.npy,119,0.001816,5,False,False
slag__GS7_2,slag,data/raw/slag/GS7_2.jpg,data/processed/slag/slag__GS7_2.npy,gray,none,1.0,slag__GS7,True,pseudo_pending,test,512,512,40,453,69,460,256,data/processed/masks/slag/slag__GS7_2.npy,181,0.002762,3,False,False
slag__GS8,slag,data/raw/slag/GS8.jpg,data/processed/slag/slag__GS8.npy,gray,none,1.0,slag__GS8,True,pseudo_pending,train,512,512,38,453,69,460,256,data/processed/masks/slag/slag__GS8.npy,116,0.00177,2,False,False
slag__GS80,slag,data/raw/slag/GS80.jpg,data/processed/slag/slag__GS80.npy,gray,none,1.0,slag__GS80,True,pseudo_pending,val,512,512,38,453,69,460,256,data/processed/masks/slag/slag__GS80.npy,94,0.001434,2,False,False
slag__GS81,slag,data/raw/slag/GS81.jpg,data/processed/slag/slag__GS81.npy,gray,none,1.0,slag__GS81,True,pseudo_pending,test,512,512,38,453,69,460,256,data/processed/masks/slag/slag__GS81.npy,122,0.001862,4,False,False
slag__GS82,slag,data/raw/slag/GS82.jpg,data/processed/slag/slag__GS82.npy,gray,none,1.0,slag__GS82,True,pseudo_pending,test,512,512,38,453,69,460,256,data/processed/masks/slag/slag__GS82.npy,97,0.00148,2,False,False
slag__GS83,slag,data/raw/slag/GS83.jpg,data/processed/slag/slag__GS83.npy,gray,none,1.0,slag__GS83,True,pseudo_pending,train,512,512,38,453,69,460,256,data/processed/masks/slag/slag__GS83.npy,48,0.000732,1,False,False
slag__GS83_1,slag,data/raw/slag/GS83_1.jpg,data/processed/slag/slag__GS83_1.npy,gray,none,1.0,slag__GS83,True,pseudo_pending,train,512,512,40,453,69,460,256,data/processed/masks/slag/slag__GS83_1.npy,62,0.000946,2,False,False
slag__GS83_2,slag,data/raw/slag/GS83_2.jpg,data/processed/slag/slag__GS83_2.npy,gray,none,1.0,slag__GS83,True,pseudo_pending,train,512,512,40,453,69,460,256,data/processed/masks/slag/slag__GS83_2.npy,98,0.001495,4,False,False
slag__GS83_3,slag,data/raw/slag/GS83_3.jpg,data/processed/slag/slag__GS83_3.npy,gray,none,1.0,slag__GS83,True,pseudo_pending,train,512,512,40,453,69,460,256,data/processed/masks/slag/slag__GS83_3.npy,103,0.001572,2,False,False
slag__GS84,slag,data/raw/slag/GS84.jpg,data/processed/slag/slag__GS84.npy,gray,none,1.0,slag__GS84,True,pseudo_pending,test,512,512,38,453,69,460,256,data/processed/masks/slag/slag__GS84.npy,25,0.000381,1,False,False
slag__GS84_1,slag,data/raw/slag/GS84_1.jpg,data/processed/slag/slag__GS84_1.npy,gray,none,1.0,slag__GS84,True,pseudo_pending,test,512,512,40,453,69,460,256,data/processed/masks/slag/slag__GS84_1.npy,46,0.000702,3,False,False
slag__GS84_2,slag,data/raw/slag/GS84_2.jpg,data/processed/slag/slag__GS84_2.npy,gray,none,1.0,slag__GS84,True,pseudo_pending,test,512,512,40,453,69,460,256,data/processed/masks/slag/slag__GS84_2.npy,147,0.002243,3,False,False
slag__GS84_3,slag,data/raw/slag/GS84_3.jpg,data/processed/slag/slag__GS84_3.npy,gray,none,1.0,slag__GS84,True,pseudo_pending,test,512,512,40,453,69,460,256,data/processed/masks/slag/slag__GS84_3.npy,106,0.001617,1,False,False
slag__GS85,slag,data/raw/slag/GS85.jpg,data/processed/slag/slag__GS85.npy,gray,none,1.0,slag__GS85,True,pseudo_pending,train,512,512,38,453,69,460,256,data/processed/masks/slag/slag__GS85.npy,179,0.002731,3,False,False
slag__GS85_1,slag,data/raw/slag/GS85_1.jpg,data/processed/slag/slag__GS85_1.npy,gray,none,1.0,slag__GS85,True,pseudo_pending,train,512,512,40,453,69,460,256,data/processed/masks/slag/slag__GS85_1.npy,107,0.001633,5,False,False
slag__GS85_2,slag,data/raw/slag/GS85_2.jpg,data/processed/slag/slag__GS85_2.npy,gray,none,1.0,slag__GS85,True,pseudo_pending,train,512,512,40,453,69,460,256,data/processed/masks/slag/slag__GS85_2.npy,144,0.002197,3,False,False
slag__GS85_3,slag,data/raw/slag/GS85_3.jpg,data/processed/slag/slag__GS85_3.npy,gray,none,1.0,slag__GS85,True,pseudo_pending,train,512,512,40,453,69,460,256,data/processed/masks/slag/slag__GS85_3.npy,121,0.001846,2,False,False
slag__GS86,slag,data/raw/slag/GS86.jpg,data/processed/slag/slag__GS86.npy,gray,none,1.0,slag__GS86,True,pseudo_pending,train,512,512,38,453,69,460,256,data/processed/masks/slag/slag__GS86.npy,53,0.000809,2,False,False
slag__GS86_1,slag,data/raw/slag/GS86_1.jpg,data/processed/slag/slag__GS86_1.npy,gray,none,1.0,slag__GS86,True,pseudo_pending,train,512,512,40,453,69,460,256,data/processed/masks/slag/slag__GS86_1.npy,122,0.001862,6,False,False
slag__GS86_2,slag,data/raw/slag/GS86_2.jpg,data/processed/slag/slag__GS86_2.npy,gray,none,1.0,slag__GS86,True,pseudo_pending,train,512,512,40,453,69,460,256,data/processed/masks/slag/slag__GS86_2.npy,69,0.001053,1,False,False
slag__GS86_3,slag,data/raw/slag/GS86_3.jpg,data/processed/slag/slag__GS86_3.npy,gray,none,1.0,slag__GS86,True,pseudo_pending,train,512,512,40,453,69,460,256,data/processed/masks/slag/slag__GS86_3.npy,56,0.000854,1,False,False
slag__GS87,slag,data/raw/slag/GS87.jpg,data/processed/slag/slag__GS87.npy,gray,none,1.0,slag__GS87,True,pseudo_pending,train,512,512,38,453,69,460,256,data/processed/masks/slag/slag__GS87.npy,33,0.000504,1,False,False
slag__GS87_1,slag,data/raw/slag/GS87_1.jpg,data/processed/slag/slag__GS87_1.npy,gray,none,1.0,slag__GS87,True,pseudo_pending,train,512,512,40,453,69,460,256,data/processed/masks/slag/slag__GS87_1.npy,78,0.00119,2,False,False
slag__GS87_2,slag,data/raw/slag/GS87_2.jpg,data/processed/slag/slag__GS87_2.npy,gray,none,1.0,slag__GS87,True,pseudo_pending,train,512,512,40,453,69,460,256,data/processed/masks/slag/slag__GS87_2.npy,148,0.002258,2,False,False
slag__GS87_3,slag,data/raw/slag/GS87_3.jpg,data/processed/slag/slag__GS87_3.npy,gray,none,1.0,slag__GS87,True,pseudo_pending,train,512,512,40,453,69,460,256,data/processed/masks/slag/slag__GS87_3.npy,63,0.000961,2,False,False
slag__GS88,slag,data/raw/slag/GS88.jpg,data/processed/slag/slag__GS88.npy,gray,none,1.0,slag__GS88,True,pseudo_pending,train,512,512,38,453,69,460,256,data/processed/masks/slag/slag__GS88.npy,122,0.001862,7,False,False
slag__GS88_2,slag,data/raw/slag/GS88_2.jpg,data/processed/slag/slag__GS88_2.npy,gray,none,1.0,slag__GS88,True,pseudo_pending,train,512,512,40,453,69,460,256,data/processed/masks/slag/slag__GS88_2.npy,45,0.000687,1,False,False
slag__GS88_3,slag,data/raw/slag/GS88_3.jpg,data/processed/slag/slag__GS88_3.npy,gray,none,1.0,slag__GS88,True,pseudo_pending,train,512,512,40,453,69,460,256,data/processed/masks/slag/slag__GS88_3.npy,72,0.001099,1,False,False
slag__GS89,slag,data/raw/slag/GS89.jpg,data/processed/slag/slag__GS89.npy,gray,none,1.0,slag__GS89,True,pseudo_pending,train,512,512,38,453,69,460,256,data/processed/masks/slag/slag__GS89.npy,60,0.000916,1,False,False
slag__GS89_1,slag,data/raw/slag/GS89_1.jpg,data/processed/slag/slag__GS89_1.npy,gray,none,1.0,slag__GS89,True,pseudo_pending,train,512,512,40,453,69,460,256,data/processed/masks/slag/slag__GS89_1.npy,37,0.000565,1,False,False
slag__GS89_2,slag,data/raw/slag/GS89_2.jpg,data/processed/slag/slag__GS89_2.npy,gray,none,1.0,slag__GS89,True,pseudo_pending,train,512,512,40,453,69,460,256,data/processed/masks/slag/slag__GS89_2.npy,142,0.002167,5,False,False
slag__GS89_3,slag,data/raw/slag/GS89_3.jpg,data/processed/slag/slag__GS89_3.npy,gray,none,1.0,slag__GS89,True,pseudo_pending,train,512,512,40,453,69,460,256,data/processed/masks/slag/slag__GS89_3.npy,46,0.000702,2,False,False
slag__GS8_1,slag,data/raw/slag/GS8_1.jpg,data/processed/slag/slag__GS8_1.npy,gray,none,1.0,slag__GS8,True,pseudo_pending,train,512,512,40,453,69,460,256,data/processed/masks/slag/slag__GS8_1.npy,119,0.001816,2,False,False
slag__GS8_2,slag,data/raw/slag/GS8_2.jpg,data/processed/slag/slag__GS8_2.npy,gray,none,1.0,slag__GS8,True,pseudo_pending,train,512,512,40,453,69,460,256,data/processed/masks/slag/slag__GS8_2.npy,145,0.002213,3,False,False
slag__GS9,slag,data/raw/slag/GS9.jpg,data/processed/slag/slag__GS9.npy,gray,none,1.0,slag__GS9,True,pseudo_pending,train,512,512,38,453,69,460,256,data/processed/masks/slag/slag__GS9.npy,76,0.00116,1,False,False
slag__GS90,slag,data/raw/slag/GS90.jpg,data/processed/slag/slag__GS90.npy,gray,none,1.0,slag__GS90,True,pseudo_pending,train,512,512,38,453,69,460,256,data/processed/masks/slag/slag__GS90.npy,18,0.000275,1,False,False
slag__GS90_3,slag,data/raw/slag/GS90_3.jpg,data/processed/slag/slag__GS90_3.npy,gray,none,1.0,slag__GS90,True,pseudo_pending,train,512,512,40,453,69,460,256,data/processed/masks/slag/slag__GS90_3.npy,86,0.001312,1,False,False
slag__GS91,slag,data/raw/slag/GS91.jpg,data/processed/slag/slag__GS91.npy,gray,none,1.0,slag__GS91,True,pseudo_pending,train,512,512,38,453,69,460,256,data/processed/masks/slag/slag__GS91.npy,70,0.001068,3,False,False
slag__GS91_1,slag,data/raw/slag/GS91_1.jpg,data/processed/slag/slag__GS91_1.npy,gray,none,1.0,slag__GS91,True,pseudo_pending,train,512,512,40,453,69,460,256,data/processed/masks/slag/slag__GS91_1.npy,30,0.000458,1,False,False
slag__GS91_2,slag,data/raw/slag/GS91_2.jpg,data/processed/slag/slag__GS91_2.npy,gray,none,1.0,slag__GS91,True,pseudo_pending,train,512,512,40,453,69,460,256,data/processed/masks/slag/slag__GS91_2.npy,181,0.002762,5,False,False
slag__GS92,slag,data/raw/slag/GS92.jpg,data/processed/slag/slag__GS92.npy,gray,none,1.0,slag__GS92,True,pseudo_pending,train,512,512,38,453,69,460,256,data/processed/masks/slag/slag__GS92.npy,63,0.000961,2,False,False
slag__GS92_2,slag,data/raw/slag/GS92_2.jpg,data/processed/slag/slag__GS92_2.npy,gray,none,1.0,slag__GS92,True,pseudo_pending,train,512,512,40,453,69,460,256,data/processed/masks/slag/slag__GS92_2.npy,92,0.001404,4,False,False
slag__GS92_3,slag,data/raw/slag/GS92_3.jpg,data/processed/slag/slag__GS92_3.npy,gray,none,1.0,slag__GS92,True,pseudo_pending,train,512,512,40,453,69,460,256,data/processed/masks/slag/slag__GS92_3.npy,82,0.001251,1,False,False
slag__GS93,slag,data/raw/slag/GS93.jpg,data/processed/slag/slag__GS93.npy,gray,none,1.0,slag__GS93,True,pseudo_pending,train,512,512,38,453,69,460,256,data/processed/masks/slag/slag__GS93.npy,94,0.001434,2,False,False
slag__GS93_1,slag,data/raw/slag/GS93_1.jpg,data/processed/slag/slag__GS93_1.npy,gray,none,1.0,slag__GS93,True,pseudo_pending,train,512,512,40,453,69,460,256,data/processed/masks/slag/slag__GS93_1.npy,76,0.00116,3,False,False
slag__GS93_2,slag,data/raw/slag/GS93_2.jpg,data/processed/slag/slag__GS93_2.npy,gray,none,1.0,slag__GS93,True,pseudo_pending,train,512,512,40,453,69,460,256,data/processed/masks/slag/slag__GS93_2.npy,210,0.003204,6,False,False
slag__GS94,slag,data/raw/slag/GS94.jpg,data/processed/slag/slag__GS94.npy,gray,none,1.0,slag__GS94,True,pseudo_pending,train,512,512,38,453,69,460,256,data/processed/masks/slag/slag__GS94.npy,166,0.002533,3,False,False
slag__GS94_3,slag,data/raw/slag/GS94_3.jpg,data/processed/slag/slag__GS94_3.npy,gray,none,1.0,slag__GS94,True,pseudo_pending,train,512,512,40,453,69,460,256,data/processed/masks/slag/slag__GS94_3.npy,77,0.001175,1,False,False
slag__GS95,slag,data/raw/slag/GS95.jpg,data/processed/slag/slag__GS95.npy,gray,none,1.0,slag__GS95,True,pseudo_pending,train,512,512,38,453,69,460,256,data/processed/masks/slag/slag__GS95.npy,90,0.001373,2,False,False
slag__GS95_2,slag,data/raw/slag/GS95_2.jpg,data/processed/slag/slag__GS95_2.npy,gray,none,1.0,slag__GS95,True,pseudo_pending,train,512,512,40,453,69,460,256,data/processed/masks/slag/slag__GS95_2.npy,93,0.001419,2,False,False
slag__GS95_3,slag,data/raw/slag/GS95_3.jpg,data/processed/slag/slag__GS95_3.npy,gray,none,1.0,slag__GS95,True,pseudo_pending,train,512,512,40,453,69,460,256,data/processed/masks/slag/slag__GS95_3.npy,57,0.00087,1,False,False
slag__GS96,slag,data/raw/slag/GS96.jpg,data/processed/slag/slag__GS96.npy,gray,none,1.0,slag__GS96,True,pseudo_pending,train,512,512,38,453,69,460,256,data/processed/masks/slag/slag__GS96.npy,88,0.001343,4,False,False
slag__GS96_1,slag,data/raw/slag/GS96_1.jpg,data/processed/slag/slag__GS96_1.npy,gray,none,1.0,slag__GS96,True,pseudo_pending,train,512,512,40,453,69,460,256,data/processed/masks/slag/slag__GS96_1.npy,90,0.001373,1,False,False
slag__GS96_2,slag,data/raw/slag/GS96_2.jpg,data/processed/slag/slag__GS96_2.npy,gray,none,1.0,slag__GS96,True,pseudo_pending,train,512,512,40,453,69,460,256,data/processed/masks/slag/slag__GS96_2.npy,109,0.001663,2,False,False
slag__GS96_3,slag,data/raw/slag/GS96_3.jpg,data/processed/slag/slag__GS96_3.npy,gray,none,1.0,slag__GS96,True,pseudo_pending,train,512,512,40,453,69,460,256,data/processed/masks/slag/slag__GS96_3.npy,110,0.001678,1,False,False
slag__GS97,slag,data/raw/slag/GS97.jpg,data/processed/slag/slag__GS97.npy,gray,none,1.0,slag__GS97,True,pseudo_pending,val,512,512,38,453,69,460,256,data/processed/masks/slag/slag__GS97.npy,171,0.002609,4,False,False
slag__GS97_1,slag,data/raw/slag/GS97_1.jpg,data/processed/slag/slag__GS97_1.npy,gray,none,1.0,slag__GS97,True,pseudo_pending,val,512,512,40,453,69,460,256,data/processed/masks/slag/slag__GS97_1.npy,69,0.001053,1,False,False
slag__GS97_2,slag,data/raw/slag/GS97_2.jpg,data/processed/slag/slag__GS97_2.npy,gray,none,1.0,slag__GS97,True,pseudo_pending,val,512,512,40,453,69,460,256,data/processed/masks/slag/slag__GS97_2.npy,94,0.001434,2,False,False
slag__GS97_3,slag,data/raw/slag/GS97_3.jpg,data/processed/slag/slag__GS97_3.npy,gray,none,1.0,slag__GS97,True,pseudo_pending,val,512,512,40,453,69,460,256,data/processed/masks/slag/slag__GS97_3.npy,76,0.00116,1,False,False
slag__GS98,slag,data/raw/slag/GS98.jpg,data/processed/slag/slag__GS98.npy,gray,none,1.0,slag__GS98,True,pseudo_pending,train,512,512,38,453,69,460,256,data/processed/masks/slag/slag__GS98.npy,99,0.001511,2,False,False
slag__GS98_1,slag,data/raw/slag/GS98_1.jpg,data/processed/slag/slag__GS98_1.npy,gray,none,1.0,slag__GS98,True,pseudo_pending,train,512,512,40,453,69,460,256,data/processed/masks/slag/slag__GS98_1.npy,58,0.000885,2,False,False
slag__GS98_2,slag,data/raw/slag/GS98_2.jpg,data/processed/slag/slag__GS98_2.npy,gray,none,1.0,slag__GS98,True,pseudo_pending,train,512,512,40,453,69,460,256,data/processed/masks/slag/slag__GS98_2.npy,143,0.002182,3,False,False
slag__GS98_3,slag,data/raw/slag/GS98_3.jpg,data/processed/slag/slag__GS98_3.npy,gray,none,1.0,slag__GS98,True,pseudo_pending,train,512,512,40,453,69,460,256,data/processed/masks/slag/slag__GS98_3.npy,104,0.001587,1,False,False
slag__GS99,slag,data/raw/slag/GS99.jpg,data/processed/slag/slag__GS99.npy,gray,none,1.0,slag__GS99,True,pseudo_pending,val,512,512,38,453,69,460,256,data/processed/masks/slag/slag__GS99.npy,133,0.002029,4,False,False
slag__GS99_1,slag,data/raw/slag/GS99_1.jpg,data/processed/slag/slag__GS99_1.npy,gray,none,1.0,slag__GS99,True,pseudo_pending,val,512,512,40,453,69,460,256,data/processed/masks/slag/slag__GS99_1.npy,82,0.001251,2,False,False
slag__GS99_2,slag,data/raw/slag/GS99_2.jpg,data/processed/slag/slag__GS99_2.npy,gray,none,1.0,slag__GS99,True,pseudo_pending,val,512,512,40,453,69,460,256,data/processed/masks/slag/slag__GS99_2.npy,170,0.002594,2,False,False
slag__GS99_3,slag,data/raw/slag/GS99_3.jpg,data/processed/slag/slag__GS99_3.npy,gray,none,1.0,slag__GS99,True,pseudo_pending,val,512,512,40,453,69,460,256,data/processed/masks/slag/slag__GS99_3.npy,75,0.001144,1,False,False
slag__GS9_2,slag,data/raw/slag/GS9_2.jpg,data/processed/slag/slag__GS9_2.npy,gray,none,1.0,slag__GS9,True,pseudo_pending,train,512,512,40,453,69,460,256,data/processed/masks/slag/slag__GS9_2.npy,147,0.002243,3,False,False
